word,count
Danby - DBM187E1WDB,6
Table réfrigérée positive  tiroirs,6
Midea - WHS-160RB1,5
Avanti - AR321BB,5
EuroDesign - EDBM192SE,5
GE Profile - PNE21NML****,5
KOOLMORE - KM-RERFDSS-18C,5
GE Profile - PNE25NGL****,5
Whirlpool - WRF532SNH*,5
Avanti - RM3316B,5
Samsung - RT16A6195**,5
RCA - RFR465,4
Marathon - MAR32BLS,4
Avanti - RM4436SS,4
LG - LRTLS2403*,4
Danby - DBMF100B1WDB,4
VITARA - VBFR1800ESE,4
Forno - YFRBI1844-36**,4
GE Profile - PNE25NML****,4
GE Profile - PFE24HML****,4
GE - GBE21AGK****,4
Midea - WHS-65LW1,4
Frigidaire - FPHT2097V*,4
Zephyr - PRB24C01CBSG,4
RCA - RFR176-B-RED,4
Smad - DDT-663W***,4
Frigidaire - GRMS2773A*,4
Danby - DCR041C1*,4
RCA - RFR320,4
GE - GTE19JSN****,4
GE - GTE19DTN****,4
Insignia - NS-CF33SS3-C,4
Moffat - MNE18DYTNFS,4
Whirlpool - WRB533CZJ***,4
LUBECK - FD216SS,4
Fisher & Paykel - RS36W(X),4
Marathon - MCR44BLS,4
Ikea - IRT134FD*0*,4
Table réfrigérée positive  porte et  tiroirs,4
Commercial Cool - CCRR4ALB,4
GE - GTE18DCN****,4
Jenn-Air - JBRF*30IGX**,4
Kegco - MDC445-1**,4
Hisense - WMS017M6XBE,4
Monogram - ZIC360NN****,3
MICROFRIDGE with SAFE PLUG - 2.5MF4*,3
Monogram - ZIR301NPN****,3
Miele - KF 2901 SF,3
ELEMENT - EATW15000SS,3
Insignia - NS-RFD21CI******,3
Thermador - T30IB900SP,3
Thermador - T30IR901SP,3
WINIA - WRFS26S***,3
Criterion - CFRR255WD#*,3
Hisense - HRQ215N6BVE,3
GE - GTE19JTN****,3
Monogram - ZICS360NN****,3
GE - GSE23GYP****,3
Frigidaire - EFR182,3
ELEMENT - EATW15000B,3
XO - XOU24WDZGBSR,3
XO - XOU24WDZGBSL,3
CHiQ - CQRT10Y1GD1S,3
Whirlpool - WRT312CZJ***,3
U-Line - DR124,3
Magic Cool - MCR32J3S,3
LG - LMWS27626*,3
RCA - RFR322-B,3
Summit - CP34W,3
RCA - EFR331,3
Midea - HD-332RWEN,3
Frigidaire - FGHT2055V*,3
Insignia - NS-RFD26XSS0-C,3
RCA - RFR160-D-PURPLE,3
VITARA - VBFR1800ESSE,3
MicroFridge - 4.8LMF4RHW,3
MicroFridge - 4.8RMF4RHW,3
Danby - DBMF100B1SLDB,3
Forno - YFFFD1974-31**,3
VITARA - VBFR1800ESE-C,3
Avanti - RA32J3S,3
Summit - FF1118WH,3
Avanti - RA32J1B,3
MicroFridge - 4.8LMF4RH,3
Magic Chef - MCDR1000ST,3
Avanti - RA32J0W,3
Samsung - RF28T5101**,3
Summit - CP34BSS,3
Frigidaire - FFPS4533UU,3
Marvel - MPRE424-SG31A,3
GE Profile - PFE28PYN****,3
Magic Chef - HMDR1000WF,3
RCA - RFR115,3
XO - XOU15WGBSR,3
"FULGOR MILANO, VITARA - FM4BM30FBI",3
CHiQ - CQRT12Y1GD1S,3
Jenn-Air - JBRF*36IGX**,3
GE Profile - PFE24HGL****,3
GE - GNE21DYR****,3
Insignia - NS-RBM11WH2-C,3
Insignia - NS-RBM11WH2,3
Ikea - 20522287,3
UNIQUE - UGP-230L LG AC,3
GE - GBE17HYR****,3
KitchenAid - KRFF507H**0*,3
Maytag - MFT2772HE*0*,3
Whirlpool - WRF757SDH*0*,3
Whirlpool - WRF767SDH*0*,3
GE Profile - PYE18HML****,3
Magic Chef - HMBR440BEF,3
Avanti - RM3306W,3
Thermador - T24UR920RS,3
GE - GNE25DYR****,3
GE - GNE27ESM****,3
GE - GFE26JMM****,3
GE - GFE26JEM****,3
LG - LFXS28596*,3
Magic Chef - HMBR440WE,3
Magic Chef - HMBR440BE,3
Magic Chef - HMBR440WEF,3
Whirlpool - WRF540CWH*,3
Ikea - IX7DDEXGZ*,3
GE - GTE16DTN****,3
GE - GTE16GTN****,3
Kenmore - 6935*,3
Whirlpool - WRB329*FB*,3
Cafe - CYE22TP*M***,3
GE Adora - DFE24JYR****,3
GE Profile - PNE21NYR****,3
AVG - ARBM172WE,3
Bosch - B36CL80SN*,3
GE - GTE18FML****,3
Silhouette Professional - DKC055D1SSPRO-1,3
GE - GNE25DGK****,3
UNIQUE - UGP-215L C AC,3
Danby - DFF121C2*,3
Avanti - RM52T1BB,3
Miele - KF 2902 Vi,3
Master Chef - 043-0291-4,3
Arcitc King - ATMP032AES,3
Frigidaire - FRSS2333A*,3
"FULGOR MILANO, VITARA - FM4BM30IFBI",3
Arcitc King - ATMP032AEB,3
Keystone - KSTRC312CW,3
Keystone - KSTRC312CB,3
KOOLMORE - RERFDSS-22C,3
Comfee - CRR33S3ABB,3
DCS - RF24*E4,3
Twin Eagles - TEOR24-G,3
GE - GNE27EYM****,3
VITARA - VTFR1803EWE,3
GE Profile - PYE18HYR****,3
GE - GFE24JYK****,3
GE - GDE21EYK****,3
GE - GBE21DYK****,3
Samsung - RF25HM*DB**,3
Frigidaire - EFR107-WHITE,3
RCA - RFR115-C-BLACK,3
Insignia - NS-CF33BK#***,3
Arctic Wind - 1AW2BF33A,3
Whirlpool - WRFF5333P*,3
Frestec - FTC24RE,3
Cafe - CWE23SP*M***,3
Arcitc King - AFRM045AES,3
Danby - DFF116B2******,3
Marathon - MCR49*,3
Magic Cool - MCR33JS,3
XO - XOU15ORSL,3
Samsung - RF30BB6200**,3
Samsung - RF30BB6600**,3
“MicroFridge Safe Plug” or “MicroFridge Safe Plug by Danby” or “MICRO FRIDGE with SAFE PLUG by Danby - 3.2MF4R,3
Danby - DBM187E1SSDB,3
Kenmore - 111.69422,3
Galanz - JR31T**E10,3
Criterion - C*182***,3
Danby Designer - DAR044A4*,3
Kegco - MDC160-1**,3
EuroDesign - RDBM191**,3
MicroFridge - 3.0RMF4RW,3
Garrison - 2493165,3
Bertazzoni - REF24PR,3
Midea - WHS-65LSS1,3
Vissani - VSF11US2A16,3
Midea - WHS-87LSS1,3
Frigidaire - FFPE2411QB,3
Midea - HS-57LB,3
Midea - WHS-87LWD1,3
Galanz - VSR27MS1E01,3
FINLUX - 263 TMF0700WH,3
Insignia - NS-CFBM41******,3
LG - LRKNS1400*,3
hOme - HME030438N,3
Magic Chef - HMDR31GSE,3
Thermador - T24UC915DS,3
Zephyr - PRB24C01BPG,3
Insignia - NS-CFBM41SS1-C,3
Galanz - GLR33MBKE02,3
Hisense - RR17D6ABE,2
AVG - ARBM188**,2
Frigidaire - EFR107-B-WHITE,2
Frigidaire - EFR177-B-RED,2
Frigidaire - EFR115-C-RED-COM,2
COSMO - COS-FDR225RHSS,2
Liebherr - IC5110IM,2
Maytag - MRFF5033P*,2
Thermador - T36IT905NP,2
Liebherr - IC5110IMPC,2
Criterion - CTMR142C1B,2
ELEMENT - EACD03000SS1A,2
Beko - BFFD3626ZSS,2
Galanz - GLR33MWEE02,2
Comfee - CRR33S3ARD,2
Hisense - WMS063M6XVE,2
Perfect aire - 1P1WF17,2
ELEMENT - EACD03000B1A,2
Hisense - RB17N6C*E,2
Insignia - NS-CF44BK3-C,2
Marvel - MLWC*15-IS01A,2
Lynx - LN15REF*,2
Frigidaire - EFR180,2
GE - GYE18JEM****,2
DOMETIC - DM50C D,2
Signature Kitchen Suite - SKSUD2402*,2
THORKITCHEN - TRF3602,2
Marvel - MLRE*15-IS01A,2
Magic Chef - MCR1010WEF,2
Frigidaire - EFR177-B-BLUE,2
Gaggenau - RY492701,2
Marvel - MPBV415-SS31A,2
Perfect aire - 2P1SLF44,2
GE - GNE21FYK****,2
Frigidaire - EFR372-MINT,2
GE - GNE25JYK****,2
GE - GDE25EYK****,2
Insignia - NS-CF33SS3,2
Whirlpool - WHR33M**E,2
iio - CRBR-2412io*,2
Frestec - FR 1802 BK,2
VITARA - VTFR1500EBE,2
Comfee - CRR16S3ABB,2
GE - GSE23GSK****,2
Frigidaire - FFHT1822UB,2
Frigidaire - FFHT1822UW,2
Frestec - FTC25R,2
VIKING - VWUI5151GSS,2
U-Line - 3024BEVB,2
Magic Chef - HMAR265SE,2
Honeywell - H33MRB*,2
Magic Chef - HMDR31GBE,2
Frigidaire - EFR372-*****-COM,2
Fisher & Paykel - RS3084W***#,2
Thermador - T36IB905SP,2
Premium Levella - PRF44660300HS,2
Beko - BFBF2815SS,2
Danby - DAR026A2*,2
Fisher & Paykel - RF170A***U**,2
U-Line - 3024RGLB,2
Newair - NRF031BK00,2
Honeywell - H31MRB*,2
Moffat - MBE19DTNKWW,2
Arctic King - ATMP031AEB,2
ELEMENT - ERT14CS**,2
Conservator - GRMH183U*,2
ELEMENT - ENR10TFGB**,2
Kenmore - KMR31TS1E02,2
Magic Chef - HMDR31GWE,2
FORTE;KUCHT - F16BFRESC450PR,2
Midea - HD-423FW,2
GE - GTE18CTH****,2
Midea - MRF18B4AST,2
GOLDEN - BCD510*,2
Asko - VCS5297TPGVCS5297TPG,2
Liebherr - MRB3000,2
GE - GDE21DYR****,2
Hisense - VCS5297TPGVCS5297TPG,2
Zline - RFM-W-36,2
KitchenAid - KRBL109ESS**,2
Maytag - MBB1957FE***,2
Marvel - MLWC*24-IS01A,2
Fire Magic - 3589-DL,2
VIKING - VRUO5241DRSS,2
Lynx - LN24REF*,2
VIKING - VRUO5241DLSS,2
Marvel - MLBV*24-SS01A,2
Insignia - NS-CFBM41SS1,2
Master Chef - 043-0290-6,2
Midea - WHD-125FBS2,2
Hisense - HRT180N6A*E,2
Samsung - RR14T7414**,2
Midea - MRQ23P4AST,2
Marvel - MLRE*24-IS01A,2
Vissani - MDTF12SS,2
Bertazzoni - REF36FDFZXNT,2
Whirlpool - WRT134TFD*0*,2
Whirlpool - WRT541SZD*0*,2
KUCHT - KR300TR,2
Conservator - GRHS1762T*,2
Marvel - MPBV415-SG31A,2
Insignia - NS-CFR23******,2
BLUE STAR - BBB36*3,2
GE Profile - PFE24JMK****,2
GE Profile - PFE24JGK****,2
Table réfrigérée positive  portes et  tiroirs,2
Kenmore - 17762,2
Galanz - GLR25M**R10,2
Galanz - GL17RD,2
Avanti - RA7326BT,2
Frigidaire - FFHB2750T*,2
Whirlpool - WRF555SDH*,2
Hisense - BCD-422WY2NA1/HC1(H),2
Kenmore - 111.6942####,2
Whirlpool - WH43RS1E,2
Galanz - GL27WE,2
Frigidaire - FFHT1832T*,2
Galanz - BC-127RB-A62H,2
Whirlpool - WH43R**E,2
Whirlpool - WH43RS2E,2
Summit - FF412ES,2
Absocold - ARD369A*14R/L,2
Arctic King - AFRM044AES,2
IGLOO - FR100I-B-BLACK,2
Midea - MFRM017AES,2
Lorell - LLR72312,2
IGLOO - FR100I-B-WHITE,2
Danby or Danby Designer - DAR033A1*,2
Midea - WHS-87LW1,2
LG - LFC22770**,2
Midea - WHS-87LB1,2
Midea - MDRT187FGF30PRR,2
Frigidaire - FGHB2868T*,2
Table réfrigérée positive  portes,2
Midea - WHS-160RW1,2
Brigade - CFBI7360****,2
Magic Chef - MCDR740WE1,2
Maytag - MB*1957DE*,2
Whirlpool - WRB119WFB*,2
Galanz - GL17BK,2
KitchenAid - KRBX109E****,2
Whirlpool - WRT138FZD*,2
KitchenAid - KB*S19KC*,2
Kenmore - 6936*,2
Arctic King - ARM17A5ABB,2
KitchenAid - KRBX102E****,2
KitchenAid - KRBR102ESS**,2
KitchenAid - KB*S22KC*,2
Brigade - CVBI7360****,2
Frigidaire - LGHB2869T*,2
GE - GYE18JML****,2
GE - GWE19JML****,2
GE - GWE19JSL****,2
Amana - AMA43R**E,2
GE Profile - PFE28KBL****,2
Whirlpool - WRT541SZH*0*,2
Midea - WHD-774FSSE1,2
Kenmore - 111.7324****,2
Frigidaire - DGHX2655T*,2
Frigidaire - LGHD2369T*,2
Frigidaire - FGHD2368T*,2
Frigidaire - FGHN2868T*,2
LG - LFC24786**,2
Thermador - T24UR920LS,2
Mabe - MDF25EYR****,2
Hisense - LMT33M6AVE,2
Samsung - RF260B*AE**,2
Zephyr - PRB15C01****,2
Zephyr - PRB15C01***,2
Kalamazoo Outdoor Gourmet - HK24BO-3-1L,2
ELEMENT - EUF14CE**,2
Kenmore - 7035#,2
LG - LFD22786**,2
Midea - MRQ23BCAST,2
Frigidaire - PRFC2383A*,2
Magic Chef - HMAR265WE,2
Avanti - FF14V0W,2
Magic Chef - MCBR265BE,2
"True Manufacturing Company, Inc - TUR-24-R-SS-C",2
Galanz - GL35RD,2
Criterion - CCR33CE2B,2
Avanti - FF14V1B,2
Insignia - NS-RTM18SS2,2
Insignia - NS-RTM18BK2L,2
GE Profile - PNE21NGL****,2
Danby - DPF074V1WDB-6,2
Galanz - GLR16F**E16,2
Galanz - GLR18F**S16,2
GE Profile - PFE24HYR****,2
ELEMENT - EUFM71001AS,2
Vissani - VXAR440BSS,2
Elite - 453-6340,2
Kenmore - 9969*61*,2
Thermador - T24UR925RS,2
Bosch - B36FD50SN*,2
L2 - LRT18S4ASTC,2
Perfect aire - 1P2BF33,2
Midea - MRM33S8ESL*,2
Frigidaire - GRMG2272C*,2
Frigidaire - FRSS23L3A*,2
Hisense - RB17A2C*E,2
Frigidaire - PRFG2383A*,2
Electrolux - ERFG2393A*,2
Insignia - NS-CF44BK#***,2
GE - GSE25GYP****,2
Insignia - NS-CF44BK3,2
Monogram - ZICS360NP****,2
Frigidaire - FRSS2623A*,2
Monogram - ZIRS360NP****,2
Kenmore - 111.69412,2
Samsung - RT16A6105**,2
Monogram - ZIR360NP****,2
Insignia - NS-RFD26SS9,2
Sub-Zero - CL3650R**/S/*/*,2
Insignia - NS-RBM11SS2-C,2
Danby - DAR044A1SSO-6,2
Midea - HD-410RWEN(UR-BCD315WX-SQ),2
Kenmore - 111.69425,2
GE Profile - PNE25NYR****,2
GE - GDE21DGK****,2
Sub-Zero - ID-30C,2
Insignia - NS-CFR23C1,2
Moffat - MBE11DSVSS,2
LG - LBNC12231*,2
Danby - DFF121C2WDBR,2
MicroFridge - 4.8RMF4RH,2
RCA - RFR335,2
Frigidaire - EFR323,2
Kegco - MDK-199B-**,2
Galanz - GLR35BKER,2
RCA - RFR322,2
LG - LRMNC1803*,2
FINLUX - 263 TMF0724SSL,2
Galanz - BD-305WE-B-A-62H,2
Liebherr - HC 1581,2
RCA - RFR115-D-BLUE,2
Vissani - HVUF11SL,2
FORTE - FFD18ES250SS,2
Avanti - AR17T0W,2
MicroFridge - 4.8MF4RW,2
Marathon - MFF180SSFD,2
Forno - CFRBI1844-36**,2
Forno - XFRBI1844-36**,2
Forno - SFRBI1844-36**,2
Forno - ZFRBI1844-36**,2
Midea - MK049ASTC,2
Magic Chef - HMDR310**,2
Miele - KFN 9855iDE,2
Hisense - RF210N6A*E**,2
Midea - HD-663FWEN,2
MicroFridge - 3.0MF4RSCB,2
"Hisense - HRF208N6A*E**,",2
LG - LRFXC2606*,2
LG - LRFOC2606*,2
MicroFridge - 3.0MF4RS,2
Fisher & Paykel - RF201A***U**,2
Danby - DCRD042C1BSLDB,2
VITARA - VTFR0732BE,2
Midea - MRM31A4ABB,2
FULGOR MILANO - F6FBM36S2,2
Liebherr - CS1640B,2
XO - XOU24BCGSR,2
Miele - KFN 15943 DE,2
Meile - KFN 15943 D,2
Liebherr - CBS1661,2
Liebherr - CBS1660,2
XO - XOU24BCGOA,2
Magic Chef - MCDR1000WE,2
Moffat - M2E9******,2
LG - LCFC26XS*,2
Whirlpool - WH35**E,2
U-Line - 3036RRB,2
Garrison - 2493166,2
VIDA - 043-7011-0,2
Hisense - RF210N6C*E,2
Hisense - RF210N6C*E**,2
Hisense - HRF208N6B*E,2
CHiQ - CQRS20YI1GID1R8V,2
OMNImax - 3750-247,2
Summit - CP*,2
"CTM - XFRBI1821-30**,YFRBI1821-30**,ZFRBI1821-30**",2
VITARA - VBFR1150ESE,2
Gorenje - HZF3567SED,2
Kenmore - KMR11MS2EA16C,2
Marvel - MPRE424-SS31A,2
Frigidaire - EFR341,2
FORT� - F18TFRES**,2
FORT� - F18TFRESWW,2
FORT� - F18TFRESSS,2
Magic Cool - MCR32J1B,2
Insignia - NS-CF33SS8,2
CHiQ - CQRT18Y1GD1M,2
ELEMENT - EATW1820**,2
VITARA - VTFR1450EWE,2
VITARA - VTFR1450***,2
Criterion - CTMR145A1W,2
RCA - RFR832-D-WHITE,2
RCA - RFR835-C-BLACK,2
Criterion - 453-8091,2
Frigidaire - EFR285,2
Criterion - 453-646*,2
SAPPHIRE - SR24-SSADA,2
CHiQ - CQRT15Y1GD1G*,2
RCA - RFR870,2
Midea - WHS-160RSS1,2
FRIGIDAIRE;RCA;THOMSON - EFR492-B,2
FRIGIDAIRE;RCA - EFR285-C,2
Marathon - MCR49W,2
Galanz - GL46TS5E,2
LG - LRFCS2503*,2
Daewoo - FR-044RVWE,2
Premium Levella - PRF7370HB,2
FORT� - F15TFRES**,2
Galanz - GLR46T**E,2
upstreman - FR35,2
Midea - HD-663FWEN(SZ),2
Midea - MRM44B4ABB,2
Hisense - RF210N6A*E,2
Summit - FFBF181ES2,2
LG - LFXS26973*,2
XO - XOU15BCSFL,2
U-Line - 518S,2
Haier - HC17SF15RW,2
DCS - RF24BT*1,2
Summit - FFBF286SS,2
Marathon - MFF150W,2
VITARA - VTFR1450EBE,2
MicroFridge - 3.0MF4RCB,2
Ikea - FÄRSKHET,2
ELEMENT - EATW15000W,2
Miele - KFN 13923 DE,2
Magic Chef - HMDR1000ST,2
Upstreman;Frestec - FR25,2
CHiQ - CQRT18Y1GD1GS,2
Perlick - HC24RB4E-**-*****,2
Kalamazoo Outdoor Gourmet - HK24RS4E-**-*****,2
Criterion - MRF-541*,2
Frigidaire - FFET1022U*,2
Upstreman;Frestec - FR31,2
Summit - FFBF181ES,2
Avanti - OR525U5D,2
Thermador - T24UC925DS,2
Gaggenau - RC462701,2
Lorell - LLR72310,2
Liebherr - MCB 3650,2
Summit - FF1119BL,2
Haier - QNE27JYM****,2
GE - GFE28GMK****,2
GE Profile - PYE22KMK****,2
GE - GNE29GMK****,2
Mora - MRF211N6C*E,2
Hisense - HRF209N6C*E,2
BLAZE - BLZ-SSRF-15,2
Garrison - 2493168,2
Summit - FF1159SS3,2
Jenn Air - JBTF*30NMX **,2
Honeywell - H16MRS,2
Elisii - DERTM180SW2,2
Sharp - SJB1255GS,2
GE - GSE25GGP****,2
Fisher & Paykel - RF170A***J**,2
Thermador - T24UR905RP,2
Thermador - T24UR905LP,2
Amana - AMAR35S1E,2
MicroFridge - 10.0RMF4R,2
Elisii - DERTM180WW2,2
Magic Cool - MCR33J0W,2
MicroFridge - 10.0RMF4RW,2
Danby - DBMF100C1SLDB,2
Absocold - ARD1033FS21R/L,2
Magic Chef - MCR44SE,2
Hisense - RB15N6A*E,2
Danby Designer - DAR044CA7*,2
Marvel - MPRI*24-SS*1A,2
Liebherr - MCB 3651,2
Cuisinart - 043-1894-4,2
Danby - DFF105C2BSSDB,2
BLAZE - BLZ-SSRF-50DH,2
Thermador - T24IR905SP,2
Avanti - OR543U3S,2
Insignia - NS-RTM10BK0,2
Insignia - NS-RTM10******,2
White-Westinghouse - WRD01W3MMW,2
FRIGIDAIRE;RCA - EFR323,2
Arctic King - AFRM033AES,2
Northland - NDWC*15**G*1*,2
Northland - NDBV*15**G*1*,2
Dacor - DRR24980***,2
Miele - K 2802 Vi,2
LG - LRBNC1104*,2
KitchenAid - KBBR206ESS**,2
KitchenAid - KBBL206EPA**,2
Absocold - ARD204ABS14R/L,2
Hisense - HRB148N6A*E,2
Magic Chef - HMR330BE,2
KitchenAid - KBBL206ESS**,2
Magic Cool - MCR46J3S,2
XO - XOU24RDS,2
Midea - 299-5786-0,2
Danby Designer - DAR044A8*,2
Cuisinart - 043-1893-6,2
LG - LRDNC1004*,2
AVALLON - AWC242DPRSLH,2
XO - XOU24WDZGOL,2
XO - XOU24WDZGSR,2
Miele - KF 2981 Vi,2
Avanti - RM32J1B,2
Electrolux - ERD05W3MMS,2
LG - LRMNC1813*,2
LG - LRMXC1813*,2
Midea - LC-24FSS,2
FRIGIAIRE - EFR331,2
Frigidaire - EFR331-B-WHITE-COM,2
RCA - RFR376-B-BLUE,2
XO - XOU15BCGOR,2
RCA - RFR320-C-BLUE-COM,2
RCA - RFR320-LIME,2
RCA - RFR320-B-WHITE-COM,2
Bosch - B10CB80NVW/01,2
Whirlpool - WHR35S1E,2
Sunbeam - REFSB27B,2
Marvel - MPBV424-SG31A,2
Marvel - MPRE424-IG31A,2
Bosch - B10CB80NVB,2
Bosch - B10CB80NVS,2
Magic Chef - MCDR1000BE,2
RCA - RFR320-B-ORANGE-COM,2
Arctic King - AFRM016AEB,2
Marvel - MPBV424-IG31A,2
Forno - FFRBI1821-30,2
VITARA - VTFR0732WE,2
Magic Chef - MCDR740BE,2
Thomson - TFR441,2
Equator - RF142S,2
Beko - BFTF2716SS,2
Miele - KF 2901 Vi,2
Midea - MRW34S2ABB,2
Landmark - L3024UI1WSG-LH,2
AVALLON - AWC242FDPRG,2
Thermador - T24IR902SP,2
Gaggenau - RC492705,2
U-Line - RE124,2
Galanz - GL35BK,2
XO - XOU24WDZGSL,2
Miele - K 2611 Vi,2
Hisense - RF224A3C*E,2
Zephyr - PRW24C02CBSG,2
Zephyr - PRW24C32CG,2
Zephyr - PRW24C02CPG,2
Gaggenau - RB472704,2
Bosch - B30IR900SP,2
Gaggenau - RC472704,2
Cafe - CFE28UP*M***,2
VIDA - 043-7012-8,2
U-Line - RE115,2
Mini Bar - BC48,2
VIDA - 043-7009-8,2
ELEMENT - EACD03000W1A,2
Danby Designer - DAR017A2*,2
Miele - K 2811 Vi,2
LG - LFNS22530*,2
Hisense - LMT43M6ABE,2
Midea - MFRM017AEB,2
Avanti - AR4446B,2
Hisense - HRF266N6C*E,2
Kenmore - 7135*,2
KitchenAid - KSSC48QVS**,2
Hisense - BCD-468WY/HC,2
KitchenAid - KSSC42QVS**,2
Magic Chef - HMCR320RE,2
Keystone - KSTRC331DW,2
Kenmore - 111.7331####,2
Avanti - RM4416B,2
Arctic Wind - ABM*171E,2
Comfee - CRM27S3AST,2
Avanti - FF7B0W,2
Sunbeam - SGR27M**E,2
Arctic Wind - ABM*171E*,2
Fisher & Paykel - RF172****,2
LG - LRFDC2406*,2
Frigidaire - FPRU19F8W*,2
Thermador - T36IT901NP,2
Midea - HD663FWE,2
Smad - DM-827WMU,2
LG - LRFNS2200*,2
Frigidaire - FRFG1723A*,2
Bosch - B10CB81NV*,2
Hisense - BCD-740WP/HC,2
Marathon - MFF122W,2
Insignia - NS-RTM18WH7-C,2
Keystone - KSTRC331DB,2
Smad - HD663FWE,2
Marathon - MFF122*,2
Frigidaire - GRSS2352A*,2
Marathon - MFF122SS,2
LG - LRMXC2206*,2
Crosley - CFDDH26***,2
Samsung - RF23R6201**,2
Hisense - HFD21118****,2
Hisense - RF208N6**E,2
Hisense - HFD26158****,2
Ikea - IRT138FD*0*,2
Hisense - RF26N1**EA,2
Midea - MRT18S3A**,2
fridgemaster - FMD440M6RVE,2
Seasons - 128779.0,2
Hisense - HFD21138****,2
Jenn-Air - ALOVE24RRC0*,2
Cafe - CVE28DP*NC**,2
Samsung - RF28R6301**,2
Cafe - CVE28DM*NC**,2
hOme - HME030210N,2
Samsung - RF31CG7200**,2
Arctic Wind - ATMB212E,2
Hisense - BCD-740WPZR/HC,2
Comfee - CRM27S3ABB,2
Marathon - MFF104*,2
Hisense - HRF266N6C*EE,2
Criterion - CTMR21M1*,2
Hisense - BCD-450WYC/HC1(H),2
Magic Chef - HMAR440ST,2
VIKING - CVRI7300****,2
Hisense - RF254N6P*E,2
WINIA - WTE21*****,2
Absocold - ARD104AB14R/L,2
Miele - KFN 14943 SDE,2
GE - GYE22GMN****,2
GE - GYE22GEN****,2
SANKEY - RF 2360 W,2
GE - GWE23GYN****,2
Insignia - NS-CFR25######,2
Frigidaire - LFHT2131Q*,2
GE - GBE21ASK****,2
GE - GNE21DGK****,2
Ikea - IX3HHGXSS*,2
Perfect aire - PABM*171E,2
Smad - DDT-774WMU,2
RCA - RFR321,2
RCA - RFR322-C,2
Hisense - RF201N6A*E,2
Kalamazoo Outdoor Gourmet - HK15R*4E-**-*****,2
SANKEY - RF 2361 BL,2
Insignia - NS-RFD26XSS0,2
VIKING - VRI7300****,2
GE Profile - PYE18HBL****,2
VIKING - CVRI7360****,2
Galanz - GL31BKE,2
Galanz - GL31RDE,2
VIKING - MVRI7360****,2
PREMIUM - PRF33600MS,2
Fisher & Paykel - RF203****,2
Galanz - GL31BEE,2
Sunbeam - SGR17M**E,2
LG - LFCS28768*,2
Whirlpool - WRS331SDH*0*,2
Sunbeam - SGR31T**E,2
Kenmore - 7414*,2
CHiQ - CQRT10Y1GD1W,2
Sunbeam - SGR43MBKE,2
Hisense - LCR27D6NBE,2
Jenn-Air - ALOVE30RRC0*,2
Whirlpool - WRF757SDE***,2
Arctic Wind - 1AW1BF44A,2
Insignia - NS-CFR25C2,2
Arctic Wind - 2ATMSL212E,2
Arctic Wind - 2ATMW212E,2
Hisense - HRF254N6T*E*,2
Marathon - MFF104W,2
Samsung - RF28R7551**,2
LG - LRMDS3006*,2
Samsung - BRB106003**,2
Midea - MRQ23B1ST,2
Maytag - MFT2574DE*,2
Danby - DFF105C2BDB,2
Danby Diplomat - DCR033B1SLM,2
Midea - WHS-121LSS1,2
Insignia - NS-RTM21SS7-C,2
Samsung - RF29A9671**,2
Samsung - RF23A9071**,2
Miele - KNF 12823 SD edt/cs-2,2
Kenmore - 7941*,2
Samsung - RF24BB6900**,2
Vissani - MDTF18WHS*,2
Vissani - MDTF18SSR*,2
Vissani - MDTF18WHSRPRO*,2
KOOLATRON - KBC-88B,2
GE Adora - DFE24JGN****,2
Samsung - RF25C5551**,2
GE Adora - DFE24JMN****,2
Samsung - RS28A5F61**,2
LG - LSXC22426*,2
LG - LLMXS3006*,2
Midea - HC-827WEN(SNZ),2
Vissani - MDTF18SS*,2
Midea - HC-827WE(SNZ),2
Whirlpool - WRQA59CNKZ,2
Perfect aire - 3W1BF32,2
GE - GTE21GTH****,2
Insignia - NS-CFR32C1,2
Samsung - RF26J7510**,2
Mabe - MDU25ESK****,2
Mini Vitrine Réfrigérée Professionnelle  100% Acier Inox  78 Litres  160w  230v    Neuve,2
Samsung - RF28R6221**,2
VIKING - FRI7360****,2
Insignia - NS-CFR32******,2
Cafe - CFE28TP*M***,2
Midea - WHD-774FW1,2
Insignia - NS-RTM21SS7 VER C,2
Kitchen Aid - KRFF577K**0*,2
Zephyr - PRB15C01AS-OD,2
RCA - RFR326,2
Insignia - NS-RTM21SS7-B,2
WINIA - WRFS26D***,2
Samsung - RF29A9675**,2
Samsung - RF29BB8900**,2
Samsung - RF30BB6900**,2
GE - GTE18GSN****,2
Samsung - RF29A9071**,2
Hisense - HRF201N6T*E*,2
Moffat - MYE22HYPKFS0,2
Hisense - BC-120/HC,2
Magic Chef - HMBR440SE,2
AVG - ARBM172SE,2
Samsung - RF24BB6600**,2
GE Profile - PVD28BYND***,2
GE Adora - DFE24JSN****,2
GE Adora - DFE24JBN****,2
Midea - MRT18S2A**,2
Midea - MDRT663FGF*****,2
Magic Chef - HMAR440WE,2
GE - GNE27JMM****,2
Bosch - B36CT81SN*,2
Hisense - BCD-450WYE/HC1(H)CKD,2
GE - GNE27JGM****,2
Insignia - NS-RTM18BK8L,2
Thermador - T36FT810N*,2
Kenmore - 111.7269####,2
Thermador - T36FT820N*,2
Insignia - NS-RTM18WH7*,2
Samsung - RF24BB6200**,2
Perlick - HP24B*4C-**-*****,2
Hotpoint - HPE16BTN****,2
Insignia - NS-CFR32RD1,2
Frigidaire - FFHT2033V*,2
GE - GTE17GTN****,2
Bosch - B36CT80SN*,2
Cafe - CYE22UP*M***,2
GE - GTE17GSN****,2
GE - GTE17DTN****,2
GE Profile - PVD28BYNC***,2
GE - GPE17CTN****,2
True Residential - TR-30REF-*-**-*,2
Frigidaire - GRSC2352A*,2
Samsung - RS22T5201**,2
GE - GIE18GTN****,2
Midea - MRT18B1**,2
BLACK+DECKER - BCRR4ALB,1
Arctic King - ARM33S5ASL,1
Magic Chef - HMTR450SE,1
Blomberg - BRFB1512SS,1
Magic Chef - HMDR450SE,1
Seasons - 189974,1
Master Chef - 043-0289-2,1
Galanz - GLR12TRDEFR,1
RVISION - RCR1727,1
Keystone - KSTRC33RDR,1
Comfee - CRM17S3ABB,1
Magic Chef - HMTR450BE,1
Comfee - CRM17S3AST,1
Amana - AMAR27S1E,1
Whirlpool - WHR31T**E,1
MicroFridge - 3.0RMF4RHW,1
HILAND - BC-93S-62H,1
SPT - RF-444SS,1
Magic Chef - HMTR450WE,1
KitchenAid - KBSD602ESS**,1
Vissani - MDTF18WHSR*,1
Beko - BFTF2716WH,1
U-Line - 515S,1
KOOLATRON - KBC-88W,1
Kenmore - 9966*61*,1
Hamilton Beach - HBF1600-CREAM,1
Beko - BFBF2715SS,1
Galanz - BC-103RDF-G-62H,1
Frigidaire - EFR176-B-MOONBM-COM,1
Magic Chef - HMR330SEF,1
Comfee - CRM33S3AST,1
Magic Chef - HMDR450WE,1
IGLOO - IRF32BK,1
Marathon - MFF920*,1
Avanti - MCR74V**,1
KitchenAid - KBSD608EBS**,1
MicroFridge - 4.5MF1R,1
Miele - KS 37472iD,1
Midea - MART21S4A**,1
Comfee - CRM33S3ABB,1
Avanti - AR4456SS,1
Hisense - HRF201N6T*E,1
Arctic King - ARM33S5ABB,1
Frigidaire - FG4H2272UF,1
Hisense - RF254N6A*E,1
Vissani - MDTF18SS,1
Midea - HD-663W*,1
Perfect aire - 3W1WF26,1
Perfect aire - 3W1BF26,1
Summit - FFBF281W,1
Lorell - LLR72311,1
Insignia - NS-CF17******,1
Moffat - MTE18GTKWW*,1
Magic Chef - MCDR450SE,1
fridgemaster - FRR44D6A*E,1
Insignia - NS-CFL45******,1
Amana - AMA31**E,1
GE Profile - PFE28KYN****,1
Insignia - NS-CFL45GP1-C,1
Kenmore - 111.7332****,1
Kenmore - 111.7550####,1
Kenmore - 111.7503####,1
Galanz - GL43S3,1
GE - GME04GLK****,1
Hisense - LCT43D6A*E,1
Hisense - RF26N6F*E-E,1
Midea - WHD-663FWEB1*,1
FULGOR MILANO - FM4FBM28SS1,1
Keystone - KSTRC44CB,1
Daewoo - FR-044RVSE,1
Samsung - RF20A5101**,1
Avanti - RA733B3S-IS,1
Avanti - RA731B1B-IS,1
Premium Levella - PRF1650MW,1
VIDA - 043-7010-2,1
Danby - DPF073C3WDB,1
Danby - DPF073C3BDB,1
Kenmore - 111.60#1####,1
Fisher & Paykel - RF170W***J**,1
VITARA - VTFR2102EWE,1
Midea - MRM14A4ABB,1
Danby - DFF180E1BSS*,1
Arctic King - ARM044S1ARSV,1
Midea - WHD-663FWEW1*,1
Frigidaire - FFPS3133UM,1
Danby - DCRD042C1WDB,1
Danby - DCRD042C1BSSDB,1
Danby - DCRD042C1BSSDB-3,1
Midea - WHD-663FWESS1*,1
Amana - AMAR31T**E,1
Magic Cool - MCR33J1B,1
Hisense - RF201N6P*E,1
Danby Designer - DCR032C3*,1
Midea - MERM17S1ABB,1
Hisense - LCR17D6NBE,1
Kegco - MDK-199SS-**,1
Hisense - LCR33D6NSE,1
Smeg - FQ55UFX,1
Hisense - HRF254N6T*E,1
Miele - KFN37232ID,1
TCL - MR422S,1
Hisense - RR17D6AWE,1
Magic Chef - HMAR33BE,1
PREMIUM - PRF24600MS,1
Magic Chef - HMAR33SE,1
LG - LMNS14420*,1
MicroFridge - 3.0MF4R,1
Kenmore - 111.6941####,1
Summit - CP351W,1
Absocold - ARD298C*14R/L,1
Kenmore - 6942#,1
Kenmore - 17747,1
Magic Chef - HMBR350SEF,1
Midea - MRM45B4ABB,1
AVG - ARBM172BSE,1
Hisense - RB17N6F*E,1
Whirlpool - WH31S1E,1
VIDA - 043-7013-6,1
Hisense - RF26N6A*E,1
VIKING - CFRI7240****,1
VIKING - VRI7240****,1
Criterion - C*208***,1
Whirlpool - WRT138FFD*,1
VIKING - MVRI7240****,1
VIKING - CVRI7240****,1
XO - XOU15BCGSL,1
XO - XOU15BCGSR,1
Samsung - RF28T5021**,1
Electrolux - EI33AR80W*,1
Beko - BBBF2813IM,1
Summit - CTR18W,1
Summit - CTR18PL,1
RVISION - RCR3327,1
Toscana - FD225SS,1
Danby - DAR044CA6*,1
Galanz - GL31S3E,1
Insignia - NS-RTM18****,1
Premium Levella - PRF7350HW,1
Ikea - HS-57LN(NA) TILLREDA,1
mbm - MRN14W,1
LG - LBNC15251*,1
Kenmore - 111.712#####,1
Samsung - RF22R7351**,1
Samsung - RF22R7551**,1
Samsung - RQ48T94*2**,1
Dacor - DRF36C500**,1
Samsung - RF28R7351**,1
Frigidaire - EFR176-B-BLACK-COM,1
Samsung - RF28R7201**,1
Samsung - RF23R6301**,1
LG - LRFVC2406*,1
Samsung - RF23A9771**,1
LG - LRSDS2706*,1
LG - LRFVS2503*,1
Samsung - RF29A9771**,1
Dacor - DRF36C700**,1
LG - LRMXS3006*,1
Galanz - GL35S5,1
FRIGIDAIRE;RCA;THOMSON - EFR492,1
Gallery - FGVU21F8QF*,1
Arctic King - ARM44S5ABB,1
Arctic King - ARM24S4AWW,1
Samsung - RF28T5F01**,1
Samsung - RS22T5561**,1
LG - LRMDC2306*,1
Samsung - RF24R7201**,1
mbm - MRN14S,1
LG - LRBCC1204*,1
Zephyr - PRB24C01CG,1
Haier - QNE27JBM****,1
Blomberg - K76540NEBU,1
Gorenje - WCN311942G,1
Magic Chef - HMCR320WE,1
Gorenje - VCS5297TPGVCS5297TPG,1
Magic Chef - HMCR320ME,1
Magic Chef - HMCR320BE,1
Honeywell - H33MRS*,1
Whirlpool - WRB543CMJ***,1
Danby Diplomat - DAR032B1BM,1
GE Profile - PYE22KYN****,1
Danby Diplomat - DAR032B1SLM,1
Sunbeam - REFSB35*,1
Insignia - NS-CFR45******,1
Insignia - NS-CFR45R3,1
Sunbeam - SGR40T**E,1
Insignia - NS-CFR45M3,1
KitchenAid - KUDF204KPA**,1
KitchenAid - KUDF204KSB**,1
Jenn-Air - JUCFP242H*1*,1
FINLUX - 463 TMF1400WH,1
IGLOO - FR283I-B-BLACK,1
LG - LRFVS3006*,1
Danby - DCR047A1*,1
mbm - MRN14B,1
Smad - DSF-65MU,1
Whirlpool - WHR35M**A02,1
XO - XOU24BCGOL,1
Café - CQE28DM*N***,1
Samsung - RF23A9671**,1
Kegco - MDC240-1**,1
Samsung - RF23A9675**,1
Samsung - RF27T5501**,1
LG - LSXC22396*,1
Signature Kitchen Suite - SKSFD3604*,1
Samsung - RF29BB8200**,1
Samsung - RF23CB9900**,1
Samsung - RF29CB9900**,1
Samsung - RS23CB7600**,1
Galanz - GLR35**ER,1
Cafe - CWE19SP*N***,1
Criterion - CBMR187***,1
Galanz - GL27S5,1
Galanz - GL27RD,1
Galanz - GL27BK,1
Galanz - GL17WE,1
Midea - MRB19B6***,1
Smad - DDB-676WMU,1
Crosley - CRMH203A*,1
KOOLATRON - 059586611100,1
Galanz - GL17*,1
Sunbeam - REFSB17*,1
Whirlpool - WH40S1E,1
Galanz - GLR44**ER,1
Samsung - RF23BB8600**,1
Summit - FF1087B,1
AVG - ARBM188WE2,1
Sunbeam - SGR25M**E,1
LG - SRFVC2416*,1
XO - XOU24BCGOR,1
Midea - HD-423ST,1
XO - XOU24BCGBL,1
Cafe - CXE22DM*P***,1
Dacor - DRS425300**,1
Cafe - CVE28DP*ND**,1
Café - CVE28DM*ND**,1
Midea - MRF29D3ABB,1
Midea - MRF29D3AST,1
Sunbeam - SGR33M**E,1
XO - XOU24BCGBR,1
Bosch - B36IT905NP,1
LG - LRSOC2306*,1
XO - XOU24BCFOL,1
Magic Chef - HMAR45HCSE,1
MicroFridge - 3.0LMF4RHW,1
XO - XOU15ORSR,1
Samsung - RF23BB8200**,1
LG - LRMVS2806*,1
Elisii - DFRBI1821-30**,1
Fisher & Paykel - RF170W***U**,1
Danby - DPF074V1SLDB-6,1
Ivation - IVBKAST491SS,1
Jenn-Air - JBRF*24IGX**,1
VIKING - VRI7360****,1
U-Line - 2224BEVB,1
Honeywell - H16MRB,1
Magic Chef - MCDR740STE1,1
Magic Chef - MCDR740BE1,1
Magic Chef - HMAR45HCWE,1
XO - XOU15BCGOL,1
Insignia - NS-CFR32MT1,1
Premium Levella - PRF7360HS,1
Arctic King - AFRM024AES,1
Arctic King - FKAFRM024AEU,1
Comfee - CRM45D3AST,1
KitchenAid - KUR*114KSB**,1
Danby Designer - DCR032A2*,1
Danby Designer - DCR044A2*,1
Danby Designer - DAR026A1*,1
KitchenAid - KUR*114KPA**,1
Perlick - HC24T*4C-**-*****,1
Perlick - HH24B*4C-**-*****,1
Danby or Danby Designer - DCR016A3*,1
Magic Chef - MCBM920S1,1
ELLIPSE - ERT085W,1
BLACK DECKER - BCRK32B,1
Insignia - NS-CF26BL7-C,1
XO - XOU24BCSFR,1
KitchenAid - KRFC604F****,1
Insignia - NS-RTM21SS7,1
ELLIPSE - ERTM180WE,1
Alpha PAR RD - RDBM191**,1
Bosch - B36CL81EN*,1
GE - GWE23GEN****,1
BLAZE - BLZ-SSRF126,1
Galanz - GLR12TBKEFR,1
Perlick - HP24R*4C-**-*****,1
U-Line - 2224RGLB,1
RCA - RFR176-B-BLACK,1
Galanz - GLR12T**EFR,1
Perlick - HA24R*4C-**-*****,1
Danby - DAR016A1*,1
Insignia - NS-CF33BK8,1
Northland - NDWC*24**G*1*,1
Insignia - NSCF33WH8,1
Miele - KS 7793 D,1
XO - XOU15BCGBSL,1
Galanz - BCD-510WTEI(N)-B-62H,1
Arctic King - ABDA049ADBS,1
Northland - NDBV*24**G*1*,1
MicroFridge - 3.0LMF4RH,1
Frigidaire - EFR176-CORAL_AMZ,1
Frigidaire - EFR176-BLACK_AMZ,1
Criterion - CCR44CE2B,1
Frestec - FTC31R,1
Smad - DDT-423WMU€,1
FRIGIDAIRE;RCA - EFR100,1
Criterion - CCR16CE2B,1
Danby - DCR045B1SLDB,1
Insignia - NS-RTM21SS7 VER B,1
GE - GCE06GSH****,1
Magic Chef - HMDR310WE,1
Danby Designer - DCR031B1BSLDD,1
RCA - RFR551,1
Hamilton Beach - HBF3200-BLACK,1
GE - GIE17GSN****,1
FINLUX - 263 TMF0712BL,1
Insignia - NS-CF17BK9,1
FULGOR MILANO - FM4FBM24SS1,1
Gaggenau - RB282705,1
LG - LTCS20020*,1
Premium Levella - PRF33600MS,1
Premium Levella - PRF33500MW,1
Kenmore - 111.9909****,1
KitchenAid - KRSF705*****,1
Conserv - MDRF376*****,1
GE - GFE26JGM****,1
GE - GIE18GSN****,1
Frigidaire - FFHT1824U*,1
Monogram - ZIRS360NN****,1
Monogram - ZIR360NN****,1
Frigidaire - FG4H2272UF1,1
Insignia - NS-RTM18******,1
GE - DSE25JBL****,1
Sharp - SJG2351FS,1
Ikea - K80462148*,1
Beko - BFFD3626SS,1
GE - GYE22GYN****,1
GE - GWE23GMN****,1
COCA COLA - CKRF32CR,1
FINLUX - 463 TMF1412BL,1
LG - LRMXC1803*,1
Frigidaire - FFHT1824UW,1
GE - GCE06GGH****,1
Vissani - MDTF18SSRPRO*,1
GE - GNE25JGK****,1
Galanz - GLR35RDER,1
Samsung - RF28T5A01**,1
MicroFridge - 10.1MF1R,1
Perfect aire - 1P1SLF44,1
Frigidaire - FFET1222U*,1
Ikea - HS-164LN(NA) LAGAN,1
Frigidaire - LGHK2336T*,1
VIKING - VBI7360****,1
LG - SRSXB2622*,1
Insignia - NS-RFD21CXSS0-C,1
Magic Chef - HMDR1000BE,1
Magic Chef - HMR330WE,1
Magic Chef - HMR330SE,1
Kenmore - 17764,1
AVG - ARBM150SE,1
MicroFridge - 3.0LMF4RW,1
Bosch - B26FT50SNS,1
GE Profile - PYE22KBL****,1
Kenmore - 111.*9****,1
WINIA - WFR044RCN**,1
Insignia - NS-CF44SS8,1
Marathon - MFF105BBM,1
Monogram - ZWE23PSN****,1
Danby - DAR016B1BM,1
SMEG Spa - FAB50UXXX,1
Arctic King - AFRM044AEB,1
Arctic King - AFRM044AEW,1
KitchenAid - KBBX102MPA,1
Arctic Wind - 2AW1SLF44A,1
Gorenje - WCN311942GWCN311942G,1
Criterion - CTMR183**#*,1
Mini Bar - BC29,1
VIDA - 043-7015-2,1
Crosley - CRD*18##**#,1
GE - GBE21AYR****,1
Mora - MRF266N6C*E,1
COSMO - COS-FDR223GWSS,1
Kenmore - 7931***,1
VIKING - MVRI7300****,1
VIKING - FRI7300****,1
Midea - MRQ22D4AST,1
Cafe - CVE28DP*NB**,1
Tappan - TRTE1831AW,1
GE Profile - PFE24JSK****,1
SANKEY - RF 2363 SS,1
Frigidaire - FFHT1835V*,1
WINIA - WT*21*****,1
Insignia - NS-CF33BK3,1
Comfee - CRR16S3ARD,1
Insignia - NS-RTM18BK2,1
Whirlpool - WHR31TS4E,1
Seasons - MSTF18SSR,1
Thermador - T24UR920DS,1
Hisense - WMS044M6XBE,1
GE Profile - PWE23KEL****,1
VIKING - FDSB5423*****,1
Crosley - XNE25JSK****,1
Insignia - NS-RFD21SS9-C,1
GE - GWE19JGL****,1
Thermador - T24UR910RS,1
Thermador - T24UR900LP,1
Thermador - T24UR900RP,1
Thermador - T24UR900DP,1
Thermador - T24UR910DS,1
VIKING - VCSB5423*****,1
Magic Chef - HMAR265BE,1
Insignia - NS-CF30SS9,1
Electrolux - ERFC2393A*,1
Kalamazoo Outdoor Gourmet - HK24RO-3-1L,1
Monogram - ZIR241NBR****,1
WINIA - W*BF*30A*E#,1
Thermador - T24UR910LS,1
FORTE - F18TFRAES**,1
Kenmore - 111.7333####,1
Magic Chef - MCBR265WE,1
Samsung - RF18A5101**,1
Magic Chef - MCBR265SE,1
Frigidaire - FFHI1835V*,1
Seasons - MSTF18BKR,1
Avanti - FF7B3S,1
Insignia - NS-CF44GD3,1
Verona - VERF36CDSS,1
Danby - DBCR031BB31,1
GE Profile - PWE23KYN****,1
Magic Chef - MCR44WE,1
Galanz - GLR46TRDER,1
Galanz - GLR46TBKER,1
GE - GYE18JYL****,1
Galanz - GLR31TRDER,1
Galanz - GLR31TBKER,1
GE - GWE19JYL****,1
Insignia - NS-CF44GD3-C,1
Amana - AMA31S5E,1
Frigidaire - FFHT1425V*,1
Willz - 7716231,1
Danby - DBCR031SB31,1
APPLIANCE BASICS - HD774FWSS,1
Antarctic Star - KS-91RHL,1
Antarctic Star - KS-48RHL,1
VITARA - VBCF0860EWEI,1
Cafe - CVE28DM*NB**,1
GE Profile - PYE18HSL****,1
Frigidaire - FRSS26L3A*,1
GE - GIE22JSN****,1
QG QUALITY GLOBAL - QGT18C-W,1
Whirlpool - WRT549SZD*,1
Whirlpool - WRS586FLD*,1
Seasons - MSTF18WHR,1
Whirlpool - WRT148FZD*,1
Monogram - ZIC360NV****,1
Monogram - ZICS360NV****,1
KitchenAid - KBBR206EPA**,1
KitchenAid - KBFN402EPA**,1
KitchenAid - KBFN502EBS**,1
Insignia - NS-CF33BK3-C,1
Whirlpool - WRS331FDD*0*,1
Whirlpool - WRS586FIE***,1
Kenmore - 111.6121####,1
GE - GSE25GGH****,1
GE - GSE25GSH****,1
KitchenAid - KBFN502EPA**,1
Miele - KFN 14943 SD,1
KitchenAid - KBFN502ESS**,1
Hisense - LMS044M6RBE,1
Hisense - RC63C1G*E,1
KitchenAid - KBBR306ESS**,1
Jenn-Air - JB36NXFXRE**,1
Sub-Zero - CL3650U**/S/*/*,1
Magic Chef - MCBM920W1,1
U-Line - 29RA,1
Hisense - RF27A3F*E,1
Crosley - CDT2181H*,1
Absocold - ARD204AB14R/L,1
GE - GDE21DMK****,1
Avanti - RM4406W,1
Summit - FF195,1
Danby - DFF142E1SSDB,1
Whirlpool - WRB322DMB,1
Frigidaire - FGHT1842T*,1
Gladiator - GARF30FDGB**,1
Dacor - DRF42750***,1
VITARA - VTFR1002EWE,1
VITARA - VTFR1202EWE,1
SPT - RF-334SS,1
Danby Diplomat - DCR033B1SLM-6,1
Danby Diplomat - DAR032B1WM,1
Midea - HD-663W,1
hOme - HME030362N,1
Frestec - FR 1462 WH,1
Galanz - GL43R**E,1
Insignia - NS-CF26BK8,1
Arctic King - AFRM033BEB,1
U-Line - 2218BEVB,1
Kitchen Aid - KBBX104,1
GE - GTE18GTN****,1
Frigidaire - FFHX2325T*,1
Frigidaire - FFHN2750T*,1
Frigidaire - LFHB2751T*,1
Frigidaire - LFHG2251T*,1
Frigidaire - FFHT1621T*,1
Whirlpool - WRX735SDH*,1
Maytag - MBF2258DE*,1
Whirlpool - WRB322DMH*,1
Frigidaire - LFHD2251T*,1
Whirlpool - WHR27**E,1
Galanz - GLF11URDG16,1
Perfect aire - 3W1WF32,1
Magic Chef - MCAR320STE,1
Maytag - MBR1957FE***,1
Magic Chef - MCAR320PSE,1
Magic Chef - MCAR320BE,1
Whirlpool - WRF532SNB*,1
KitchenAid - KRBR109ESS**,1
Magic Chef - MCAR320WE,1
Magic Chef - MCAR440ST,1
Magic Chef - MCAR440BE,1
KitchenAid - KRBL102ESS**,1
Whirlpool - WRFA32SMH*,1
Whirlpool - WHR43**E,1
Miele - KFNS37692iDE-1,1
Galanz - GLR27**E,1
"Blomberg, beko - K76540NEBWU",1
Blomberg - G91631NELU,1
RCA - RFR832,1
GE - GYE18JSL****,1
Whirlpool - WRF535SMB*,1
GE - GFE28GEL****,1
Whirlpool - WRF954CIH***,1
Whirlpool - WRFA35SWH*,1
GE - GTE18GMN****,1
GE - GTE18DTN****,1
Whirlpool - WHR46TS1E,1
GE - GTE18MTR****,1
LG - LFXC22525*,1
Hisense - RB11N6C*E,1
Hisense - RB15A2C*E,1
OMNImax - 3760-675,1
Monogram - ZIC360NP****,1
Monogram - ZIR241NPP****,1
Monogram - ZIR301NPP****,1
Magic Chef - MCR32CHB,1
Insignia - NS-RTM18SS2L,1
WINIA - W*FU021***#,1
L2 - LRT18S4AWWC,1
Insignia - NS-CF44SS#***,1
Hisense - BCD-300WY2NA1/HC1(E),1
Insignia - NS-CF44SS3-C,1
Monogram - ZIC30GNN****,1
Arctic Wind - ATMW212E,1
Insignia - NS-CF30******,1
Insignia - NS-RBM11SS2,1
Arctic Wind - ATMSL212E,1
Frigidaire - FFPA3322UM,1
GE - GTE18FTL****,1
Alpha PAR RD - RDTM116WE,1
Midea - MRM33S8ASL,1
Fisher & Paykel - RF170B***U**,1
Frigidaire - FRFG232LAF,1
Frigidaire - FRFC2323A*,1
Whirlpool - WH31GE,1
KitchenAid - KBFS25EC*,1
GE - GSE23GGK****,1
RCA - RFR329,1
Moffat - MBE11D*****,1
RCA - RFR283,1
IGLOO - FR115I-B-BLUE,1
Sub-Zero - DET3050CI**/*,1
Sub-Zero - DET3650CI**/*,1
IGLOO - FR115I-B-ORANGE,1
IGLOO - FR115I-B-BLACK,1
Magic Chef - HMR440BE,1
Zephyr - PRB15C01**,1
Kenmore - 6938*,1
Seasons - 189975,1
Beko - BFFD3624SS,1
Hisense - RC33C1G*E,1
Arctic King - ARU33B1AWW,1
Midea - MRM33S4AWWC,1
Midea - MRM33S4ASLC,1
Hisense - RF254N6C*E,1
Ikea - 40522286,1
Sub-Zero - BI-36R/S/**-**,1
GE - GTE18MSR****,1
FORTE - FFD27ESSSS,1
Hisense - HRF266N6C*E1,1
QG QUALITY GLOBAL - QGT18C-B,1
Frestec - FR 1002 SLB,1
GE - GNE29GYN****,1
Kenmore - 111.99033810,1
Ikea - 20462151*,1
Hisense - RF26D4F*E,1
Newair - NRF033****,1
Hisense - HRM260N6T*E,1
“MicroFridge Safe Plug” or “MicroFridge Safe Plug by Danby” or “MICRO FRIDGE with SAFE PLUG by Danby - 3.2MF4RW,1
LG - LRFWS2200*,1
Smad - DSF-121MU,1
Danby - DPF073C2BDB,1
“MicroFridge Safe Plug” or “MicroFridge Safe Plug by Danby” or “MICRO FRIDGE with SAFE PLUG by Danby - 3.2MF4RS,1
Fisher & Paykel - RB2470BRV1,1
Kenmore - 111.9903*,1
Danby Designer - DCR044A4*,1
VIKING - CMVRI7360****,1
Summit - CP34B,1
WINIA - WFR044RCN*,1
Frigidaire - FRD01W3MMG,1
Midea - HD-663ST,1
Midea - HD-663FW,1
GE - GIE19JSN****,1
Midea - MRM33S7ASL,1
WINIA - WFR028RCN*,1
Kenmore - 99789,1
Marathon - MFF121WLH,1
Hisense - RF26N1ASE,1
Ikea - 90462157*,1
Newair - NRF033GA00,1
Danby - DFF101B1BSSDB,1
Amana - AMAR43**E,1
Fisher & Paykel - E522B*****,1
Fisher & Paykel - RF170B*****,1
Midea - HS-121L(N)-W,1
Moffat - MTE18G*****,1
GE - GNE21FMK****,1
Whirlpool - WRF995FIF***,1
Dacor - DYF42BSIWS,1
Whirlpool - WRF992FIF***,1
Haier - HRB15N3B**,1
Whirlpool - WRR56X18F***,1
Whirlpool - WRF993FIF***,1
GE Profile - PFE28KMK****,1
Frigidaire - FFHT2045V*,1
Hisense - HRB171N6A*E,1
Hisense - HRB171N6A*EH,1
GE Profile - PWE23KMK****,1
Gorenje - HS3862EF,1
GE - GFE24JMK****,1
Insignia - NS-RTM10WH7,1
Insignia - NS-RTM21WH7,1
Hisense - BCD-450WYZ/HC1(H),1
GE - GBE21DSK****,1
CHiQ - CQRT12Y1GD1W,1
GE - GBE21DGK****,1
Hisense - HRF210N6C*E,1
Danby - DFF116B2WDBL,1
GE - GDE21DSK****,1
Insignia - NS-RTM12SS7L*,1
Galanz - GL31S5E,1
SPT - RF-164SS,1
SPT - RF-164W,1
Frigidaire - FRD01W3MMW,1
Danby - DCRD042C1BDB,1
Jenn-Air - JBBFX24NHX,1
Arctic King - ARM024S1ARWW,1
PREMIUM - PRF1670MB,1
PREMIUM - PRF44500MW,1
Seasons - 550129,1
Season - 550128,1
Frigidaire - FFHT1814W*,1
Magic Chef - MCDR740WE,1
BLACK DECKER - BCRK25B,1
Thermador - T36IT900NP,1
BLACK DECKER - BCRK43B,1
Bosch - B20CS30SNS,1
Gaggenau - RY492704,1
Galanz - GLR74BRDR12,1
Danby - DAR016B1BM-6,1
Danby Diplomat - DCR017B1BM,1
Magic Chef - HMDR450SEF,1
Frigidaire - FFPE4533UM,1
LG - LFDS22520*,1
Magic Chef - MCDR740STE,1
Danby - DPF074B2WDB-6,1
Danby - DFF116B2WDBR,1
Monogram - ZWE23ESN****,1
Hotpoint - HME02GGM****,1
CHiQ - CQRB10Y1GLD1RM,1
Miele - KF 2981 SF,1
CHiQ - CQRB10Y1GLD1RW,1
CHiQ - CQRB10Y1GLD1RS,1
CHiQ - CQRB10Y1GLD1R*,1
Hotpoint - HME03GGM****,1
Bosch - B09IB91NS*,1
Danby - DBC117A2*,1
Insignia - NS-RFD21CISS0,1
Danby - DBC117A1*,1
Summit - FFBF241W,1
Summit - FFBF279SS,1
Midea - MRT21B1**,1
Liebherr - HCB 2090,1
Liebherr - HC 1571,1
Zephyr - PRB24C01B*,1
KitchenAid - KUR*214KSB**,1
Liebherr - HC 1580,1
Liebherr - HCB 1591,1
Liebherr - HCB 1590,1
Summit - FFBF279SSX,1
Liebherr - HC 1570,1
Danby - DPF074B2BSLDB-6,1
GE - GNE25DSK****,1
GE Profile - PNE21KMK****,1
GE - GIE22JTN****,1
Hisense - LCT33D6ASE,1
Whirlpool - WRF736SDA*,1
EuroDesign - EDR085S,1
Maytag - MFF2258FE*,1
Master Chef - 399-8371-0,1
Kenmore - 9961*61*,1
Frigidaire - FFHN2740P**A,1
Frigidaire - FGHB2866P**A,1
Summit - FF433ES,1
Beko - BFFD3614ZSS,1
Crosley - CFDMH1834AS,1
Bertazzoni - REF30RCBPNV,1
HALLMAN - HRBIAR30PR,1
Gaggenau - RB280703,1
Zline - RBCRV-30,1
Avanti - RA7306WT,1
Hisense - RF225C3C*EI,1
GE - GTE21GSH****,1
Criterion - CTMR205M1*,1
Sub-Zero - ID-30CI,1
Insignia - NS-CF49BMSS2-C,1
VITARA - VTFR2101EI*E,1
VITARA - VTFR1802EI*E,1
Insignia - NS-RTM10SS0,1
Insignia - NS-RTM10WH0,1
Ikea - IX7DDEXDS*,1
Midea - WHS-121LW1,1
GE - GDE21EMK****,1
Criterion - CFRR211P1S,1
ELEMENT - ENR18TFGB*,1
Frigidaire - GRMC2273C*,1
GOLDEN - BCD398,1
LG - LRMWS2906*,1
Insignia - NS-RTM18SS7*,1
Insignia - NS-RTM18BKR8*,1
Thermador - T36IT902NP,1
U-Line - 3018RGLB,1
Danby Diplomat - DCR033B1BM,1
GE Profile - PNE25NSL****,1
GE Profile - PNE21NSL****,1
Samsung - RF261BEAE**,1
Bertazzoni - REF36FDFIXNV,1
Whirlpool - WRF535SWB*,1
Kenmore - 7132#,1
Hisense - RR42D6**E,1
Sub-Zero - IT-30R**,1
Criterion - 463-1209,1
Marathon - MAR86W,1
Whirlpool - WRB329DMB*,1
LG - LRDNS2200*,1
LG - LRTNC0915*,1
Maytag - MBF1953DE*,1
Bertazzoni - REF36FDFIXNB,1
Insignia - NS-CF49BMSS2,1
Danby - DFF105C2BSLDB,1
LG - LFCS27596*,1
Whirlpool - WRF767SDE***,1
Midea - WHD-774FBE1,1
Midea - WHD-774FWE1,1
Insignia - NS-RFD21CISS****,1
Gorenje - HTS2762F,1
Bertazzoni - REF30BMBPNB,1
LG - LSSB2692**,1
LG - LFCS22520*,1
LG - LFNS22520*,1
Jenn-Air - JS42SSDUDE**,1
Jenn-Air - JS42PPDUDE**,1
Jenn-Air - JS48PPDUDE**,1
Sub-Zero - IC-36R**,1
GE Profile - PNE25JMK****,1
DCS - RS36(X),1
LG - LBNC12241*,1
Fisher & Paykel - RS36(X),1
UNIQUE - UGP-275L R AC,1
Crosley - CRMH184PS,1
Crosley - CRMH184PW,1
Arctic King - AFRM033AEB,1
LG - LFCC23596*,1
Crosley - CRMH184PB,1
Whirlpool - WRT348FME*0*,1
True Refrigeration - TUR-15-R-SS-B,1
Signature Kitchen Suite - SKSSB4202*,1
THORKITCHEN - TRF3601FD,1
Frigidaire - FFHT1822UV,1
Danby - DFF105C2WDB,1
Bertazzoni - REF30BMBZPNV,1
GE - GDE21ESK****,1
RCA - RFR870-B,1
Midea - WHD-663FWEW1,1
GE - GNE25JMK****,1
Garrison - 2493167,1
Perlick - HP15R*4E-**-*****,1
Perlick - HP24T*4C-**-*****,1
Kalamazoo Outdoor Gourmet - HK24B*4C-**-*****,1
Perlick - HC24B*4C-**-*****,1
Danby - DAR023C1*,1
Kalamazoo Outdoor Gourmet - HK24R*4C-**-*****,1
Insignia - NS-CF33SS#***,1
LG - LMXC22626*,1
Midea - HD-774**,1
LG - LRFXS2503*,1
Hisense - RC31C2W*E,1
RAZZO - RF206R,1
Frigidaire - GRSS2652A*,1
Insignia - NS-RFD26XSS****,1
VITARA - VTFR1800EBE,1
Commercial Cool - CCRR4LB,1
PREMIUM - PRF33500MW,1
Hisense - RB17N6D*E,1
Insignia - NS-RFD21CXSS0,1
Réfrigérateur Combiné  GNE 134620   Classe A+ Acier inoxydable,1
Perfect aire - 1P1BF17,1
Réfrigérateur Combiné  BFC682ENW  Classe A+ Blanc,1
Réfrigérateur américain  RS787FHCBC  A+ Noir,1
Réfrigérateur combiné 402 litres  E4DAAXC,1
Réfrigérateur Combiné  RDSE465K21S  Classe A+ Argenté(e),1
Réfrigérateur Combiné  EN3617MOW  Classe A++ Blanc,1
Réfrigérateur  CCTOS 482WH  Classe A+ Blanc,1
Réfrigérateur Combiné  HB22FWRSSAA  Classe A+ Acier inoxydable,1
Réfrigérateur Combiné  KG39NVW35  Classe A++ Blanc,1
Réfrigérateur Combiné  CCBS6182WHV/1  Classe A+ Blanc,1
Réfrigérateur combiné intégrable  ENN12801AW,1
Réfrigérateur combiné 402 litres  E4D AA,1
Réfrigérateur Combiné  TIAA 12   Classe A+ Blanc polaire,1
Réfrigérateur  KI 21 RAD 30  Classe A++,1
Réfrigérateur Combiné  ART 6614/A+SF  Classe A+,1
Réfrigérateur  Portes 60cm 95l A+ Brassé Silver Bcd95vcs,1
Réfrigérateur  ERN1402AOW  Classe A++ Blanc,1
Réfrigérateur  SW8AM2QX  Classe A++ Inox,1
Réfrigérateur Combiné  FAB30LB1  Classe A++ Blanc,1
Réfrigérateur Combiné  CCBS6182XHV/1  Classe A+ Acier inoxydable,1
Réfrigérateur  TSE1231F  Classe A+ Blanc,1
Réfrigérateur  ARG860/A+  Classe A+,1
Combiné intégrable  ART6514/A+,1
Réfrigérateur combiné 366 litres  GN39VW35,1
Réfrigérateur  KI24LV21FF  Classe A+,1
Réfrigérateur  CFBO 3550   Classe A+ Blanc,1
Réfrigérateur Combiné  KGV58VL31S  Classe A++ Acier inoxydable,1
Réfrigérateur Combiné  NCAA 55   Classe A+ Noir brillant,1
Réfrigérateur Combiné  KGN39LR35  Classe A++ Rouge,1
Réfrigérateur Combiné  KGN39LB35  Classe A++ Noir,1
Réfrigérateur  Porte Intégrable  Glissière 54cm 20l A++ Statique Bil624es,1
Réfrigérateur  KIR24X30  Classe A++,1
Réfrigérateur  portes  FRT710XA,1
Réfrigérateurs  KS 91 RS,1
Réfrigérateur Combiné  CKCS 6186 IXV  Classe A+++ Acier inoxydable,1
Réfrigérteur  FRA40402WA  Clsse A++ Blnc,1
Réfrigérateur 1pte  intégrabl  CFLO3550E/1,1
Réfrigérateur Combiné  FD238APFX1  Classe A+ Métal gris,1
Réfrigérateur 1pte intégrable  CFBO3550E/1,1
"Réfrigérateur combiné KGN39VI35, 366 L, Froid No Frost",1
Réfrigérateur  FAB28LB  Classe A+ Blanc,1
Réfrigérateur Combiné  LR8 S1   Classe A+,1
Réfrigérateur  Portes  Enxtlh19fw,1
LG - LRYKC2606*,1
Réfrigérateur  SW6A2QX  Classe A++ Inox,1
Réfrigérateur  KSV36CW32  Classe A++ Blanc,1
Réfrigérateur Combiné  RB37J5820SA  Classe A+ Métal gris,1
Réfrigérateur combiné encastrable  B18A1D/I,1
Combiné Inversé  En3853mox,1
Refrigerateur Pose Libre  Porte Tout Utile Rssa290m23w,1
Réfrigérateur Combiné  ENTM 182A0 VW  Classe A+ Argent,1
Réfrigérateur  portes   CCDS617FWH,1
Réfrigérateur Combiné R7 S1 W  307   Froid Statique,1
Réfrigérateur Combiné  BCB 7030 AA  Classe A+,1
Réfrigérateur Combiné  LR8 S1 F   Classe A+ Blanc,1
Réfrigérateur combiné intégrable  FBB28441SA,1
Réfrigérateur Combiné  XH8T2OXZH  Classe A++ Acier inoxydable,1
Réfrigérateur  HUL546W  Classe A+ Blanc,1
Réfrigérateur  SI8 1Q WD  Classe A+ Blanc polaire,1
Electronics Réfrigérateur Combiné  Electronics GSS6676SC  Classe A++ INOX PRO,1
Réfrigérateur Combiné  RCSA400W  Classe A+ Blanc,1
Réfrigérateur Combiné  CT 330622  Classe A+ Blanc,1
Réfrigérateur  porte  Ksl 330,1
Réfrigérateur  B1802HCA  Classe A+,1
Réfrigérateur Combiné  ENBLH 19221 FW  Classe A++ Inox,1
Réfrigérateur Combiné Inox  Hbm-686s,1
Table top intégrable  BTS1622/HA,1
Réfrigérateur combiné 505 litres  KG56NXW30,1
Réfrigérateur ombiné  E4D AAA X   lasse A++ Inox,1
Réfrigérateur Combiné  KGN36HI32  Classe A++ Inox chromé métallique/inox,1
Réfrigérateur  porte intégrable 284 litres  ERN30FOW,1
Réfrigérateur  SW8AM2QW  Classe A++ Blanc,1
Réfrigérateur Cobiné  RT29K5030S9  Classe A+ Nouvelle platine,1
Réfrigérateur Combiné  HBM446W  Classe A+ Blanc,1
Réfrigérateur  porte Intégrable  BIS624ES,1
Réfrigérateur Combi  Kgv33uw20,1
Réfrigérateur Cominé  RDSE465K21W  Classe A+ Blanc,1
Réfrigérateur Combiné  EJ2803AOX2  Classe A+ Inox,1
Réfrigérateur Combiné  EN2400AOX  Classe A+ Inox,1
Réfrigérateur Combiné  FRT27103WA  Classe A+ Blanc,1
Réfrigérateur  RBC310EAP  Classe A+,1
Réfrigérateur Combiné  KGV39VW31  Classe  Blanc,1
Réfrigérateur Combiné  KG39NVI35  Classe A++ Acier inoxydable,1
Réfrigérateur Combiné  ART 872/A+/NF  Classe A+ Blanc,1
Réfrigérateur Combiné  HTF456DM6  Classe A+ Finition inox,1
Ref US pose libre  HRF-521DM6,1
Réfrigérateur Combiné  LR6 1   Classe A+ Argenté(e),1
Réfrigérateur Combiné 70cm 357l A++ Nofrost Inox Sj-B2357ei,1
Réfrigérateur américain  HRF 28 AF,1
Réfrigérateur Combiné  ORK192X  Classe A++ Gris métallisé,1
Réfrigérateur  BFL5636BW  Casse A++ Banc,1
Réfrigérateur Combiné  WBIAA 13P  DR  Classe A+ Blanc,1
Springfield  Réfrigérateur de 112 litres avec bac  légumes et compartiments  Consommation de 60W  noir  Classe A+,1
Réfrigérateur Combiné  RT38K5400WW  Classe A+ Blanc,1
Réfrigérateur Combiné  RSG5PUSL  Classe A+ Inox supérieur,1
Réfrigérateur  RF237A+  Classe A+,1
Réfrigérateur Combiné  KDN53VL20  Classe A+ Finition inox,1
Réfrigérateur Combiné  BTNF5011W  Classe A+ Blanc,1
Réfrigérateur Intégrable Int2501 204l,1
Réfrigérateur Combiné  CCBF 6182XFH/1  Classe A+ Acier inoxydable,1
Réfrigérateur  K1544X0FF  Classe A+ Blanc,1
"Do910k  Réfrigérateur / Congélateur Combiné 85 Litres   Portes  Classe A+  Bac  Légumes, Étagères, Compartiments",1
Réfrigérateur Combiné  HRF521DN6  Classe A+ Anthracite,1
Réfrigérateur  CE1DL365NFDIG  Classe A+ Inox,1
Réfrigérateur  Porte Intégrable  Pantographe 72l A++ Ki32f30,1
Réfrigérateur  Portes Congélateur En Bas  Ccbf618xfh,1
Big Daddy Cool Réfrigérateur 80L incluant compartiment congélateur de 26L acier noir  Classe A+,1
Réfrigérateur  TFAA 10  Classe A+ Blanc,1
SJB 2357 E   Réfrigérateur combiné 7cm 357l a++ nofrost blanc,1
Fdl250bw Refrigerateur  Porte,1
Réfrigérateur  porte intégrable 207 litres  ERN222BOW,1
Réfrigérateur  TOP 122 A+  Classe A+,1
Réfrigérateur Congélateur Integrable Int1401 123l,1
Combiné  A3FE742CMJ,1
Réfrigérateur Combiné  CCDS 5142 XH  Classe A+ Acier inoxydable,1
Réfrigérateur Combiné  KM40FAI20  Classe A+ Inox,1
"Réfrigérateur  portes RT38K5400S9, 384 L, Froid Ventilé",1
Réfrigérateur Combiné  Sjb129mw,1
Réfrigérteur combiné RB3EJ5900SA  350   Froid ventilé intégrl,1
Réfrigérateur Congélateur Intégrable Int2401 192l,1
Réfrigérateur  BFL5636BX  Classe A++ Acier inoxydable,1
Réfrigérateur Combiné  CEFC325DIX  Classe A+,1
Réfrigérateur Combiné  KIN86VS30  Classe A++,1
Réfrigérateur table top intégrable 138 litres  KUR15A60,1
Réfrigérateur Intégrable Int1501 136l,1
Réfrigérateur  FA130APX1  Classe A+ Métal gris,1
Réfrigérateur Combiné  KI87VVF30  Classe A++,1
Réfrigérateur Combiné  KGN36NL30  Classe A++ Inox optique,1
Réfrigérateur Combiné  CCDS 6172 FXH  Classe A+ Acier inoxydable,1
"Mks9  Frigo minibar design moderne et epure  Réfrigérateur grande contenance et silencieux (70 litres, deux compartiments)  Noir mat  lasse",1
Réfrigérateur Combiné  RT 8810   ++ SF  Classe ++ Inox,1
Réfrigérateur Combiné  RFDP 219 A+  Classe A+,1
Réfrigérateur Combiné  KA90DVI20  Classe A+ Acier inoxydable,1
refrigerateur  porte integra  KI 24 LX 30,1
Réfrigérateur Combiné  REC52S  Classe A+ Argenté(e),1
Rosières Réfrigérateur Rosières RBLP 170  Classe A+ Blanc,1
Réfrigérateur Combiné  BTNF5011OX  Classe A+ Inox,1
Réfrigérateur  Portes  FRT710WA1,1
Réfrigérateur Combiné  CAA 55   Classe A+ Acier inoxydable,1
Réfrigérateur Combiné  A2FE635CSJ  Classe A+ Argenté(e),1
Réfrigérateur  KS36VAW31  Classe A++ Blanc,1
Réfrigérateur table top  TT90VCM,1
Réfrigérateur  ERF3315AOX  Classe A+ Inox,1
Electronics Réfrigérateur Combiné  Electronics GSL6611WH  Classe A+ Blanc laqué,1
Réfrigérateur  porte 300 litres  CCOLS562WH,1
Réfrigérateur  RF 230 A+  Classe A+,1
Réfrigérateur Combiné R8 S1 S AQ  335   Froid Statique,1
Réfrigérateur  KI24RX30  Classe A++,1
Réfrigérateur Combiné  KG36NVW35  Classe A++ Blanc,1
Réfrigérateur combiné 423 litres  TTNF8111OX,1
Réfrigérateur Combiné  BSFV 8122 OX  Classe A++ Ino,1
Réfrigérateur Combiné  BLF5001W  Classe A+ Blanc,1
Réfrigérateur Combiné  CKBBS100  Classe A+ Blanc,1
CONTINENTALEDISON CEF2D227B2  Réfrigérateur congélateur haut  227L (187+40)  Froid statique  A+  L 54cm   144cm  Noir,1
Réfrigérateur Combiné  BSNF 8121   Classe A+ Blanc,1
Réfrigérateur  Portes  Fn96s,1
Réfrigérateur Combiné  BFC5856NW  Classe A+ Blanc,1
Réfrigérateur Combiné 60cm 334l A++ Brassé Silver Rcsa365k31ds,1
Réfrigérateur  BFS2222SW  Classe A+,1
Réfrigérateur combiné  KGF56PI40 VITAFRESH PRO,1
Réfrigérateur Combiné  RCSA340K30W  Classe A++ Blanc,1
Réfrigérateur Combiné  BLF 9121 OX  Classe A+ Inox,1
Réfrigérateur  ERF3315AOW  Classe A+ Blanc,1
Réfrigérateur  KI 82 LAD 30  Classe A++,1
Réfrigérateur  KSV36VW30  Classe A++ Blanc,1
Réfrigérateur Combiné  KMF40SW20  Classe A+ Blanc,1
Réfrigérateur Combiné  A2FE635CBJ  Classe A+ Anthracite,1
Réfrigérateur  porte  FAB28RRO,1
Réfrigérateur   3130  Classe A++ Blanc,1
Réfrigérateur  porte encastrable  ARG8070A+,1
Réfrigérateur  Porte Intégrable  Glissière 39l A++ Ki82s30,1
Réfrigérateur  SH6 1Q RW  Classe A+ Blanc,1
General Réfrigérateur Américain  Ore24cgfww,1
"Réfrigérateur armoire SH6 1Q XRD, 321 L, Froid brassé",1
General Réfrigérateur Américain  Ore24cgfkb,1
Armoire  Boissons 336l  Roulettes,1
Mabe  Mabe  Réfrigérateur Installation Libre SideBySide Ore 24 Chf Ss Ore24chfss (Ss Portes Inox Et Caisse Grise Texturée,1
Electrovanne Pour Congelateur,1
Mabe  Mabe  Réfrigérateur Installation Libre SideBySide Ore 24 Vgf  Ore24vgf  Blanc,1
Réfrigérateur  Portes Intégrable  Glissière 55l A+ K1664x6,1
Réfrigérateur Combiné 60cm 343l A+++ Inox-Easyclean Kg39fpi45,1
Réfrigérateur Combiné  KG39NXI35  Casse A++ Acier inoxydabe,1
Rosières Réfrigérateur Rosières FRU3900  Classe A+,1
Combiné  RN-361S inox,1
Réfrigérateur Combiné  CEFC318BLV  Classe A+ Bleu,1
Réfrigérateur  SB 1801 AA  Classe A+ Blanc,1
Cachette Minibar Mini Réfrigérateur 17l 50w Classe A+  Argent,1
Beerkeeper Réfrigérateur 92l Classe D'efficacité Énergétique A+  Niveaux  Noir,1
Réfrigérateur Combiné  KG33VVL31  Classe A++ Finition inox,1
Beerkeeper Réfrigérateur 92l Classe D'efficacité Énergétique A+  Niveaux  Arnté,1
Popart Réfrigérateur Rétro A++ 108 /13  Compartiment Congélateur  Rose,1
Réfrigérateur Combiné 54cm 267l A++ Low Frost Blanc Ki5862u30,1
Réfrigérateur Combiné  KG39NAW35  Classe A++ Blanc,1
Réfrigérateur Américain  Gne539p,1
General Réfrigérateur Américain  Ore24cgfss,1
KIR24V60  Réfrigérateur 221,1
KIR41D40  Réfrigérateur 211 L    Blanc,1
Vitrine réfrigérée dessous comptoir 150 Litres,1
Réfrigérateur  KIR21AF30  Classe A++,1
Réfrigérateur  K1545X8  Classe A++,1
Vitrine réfrigérée 600 Litres,1
Vitrine réfrigérée porte incurvée 86L Litres,1
Réfrigérateur  ZHS6 1Q XR  Classe A+ Inox,1
Réfrigérateur  KIL18X30  Classe A++,1
Congélateur Armoire  Ctl71b,1
Réfrigérateur  KIL24V60  Classe A++,1
Vitrine réfrigérée 400 Litres,1
Réfrigérateur  ZBA15041SA  Classe A++ Blanc,1
Vitrine réfrigérée  faces porte incurvée 235 Litres,1
170020  Réfrigérateur 151 L    Blanc,1
Fba22427sv Réfrigérateur Encastrable,1
Réfrigérateur Combiné 60cm 227l A+ Blanc Sj-T1227m0w,1
Coolzone 120 Réfrigérateur Encastrable 105l  Freezer 15l Classe,1
Réfrigérateur Combiné  RB34K6100SS  Classe A+ Finition inox,1
Pop Art Réfrigérateur Rétro 108l Congélateur 13l Classe A++ Bleu,1
Réfrigérateur Combiné Intégrable  Glissière 267l A+ K4400x7ff,1
Refrigerateur Combine Vintage 300l  Silver 192cm,1
"Beersafe XXL  Réfrigérateur de 85 litres avec porte en verre de lasse  (3 étagères, température réglable)",1
Mini Bar 30 Litres,1
Réfrigérateur  KI2823F30  Classe A++,1
Réfrigérateur combiné  ICBH340A+  340L  A+,1
Réfrigérateur Combiné Intégrable  Glissière 267l A++ Ki5862s30,1
Réfrigérateur Top 45cm 91l A+ Blanc Ks91r1,1
Réfrigérateur  K1524X7FF  Classe A+,1
Réfrigérateur  KI8523D30  Classe A++,1
Réfrigérateur  Portes Congélateur En Bas  Rb33j3000ww/Ef,1
Réfrigérateur Combiné Intégrable 54cm 250l A+ Statique De234bi1,1
Réfrigérateur  Portes 55cm 5l A+ Statique Blanc Df341,1
Réfrigérateur  Porte Intégrable 54cm 86l A+ Statique Blanc Df22bi,1
Réfrigérateur  Porte Intégrable 54cm 20l A+ Statique Blanc Dl22bi,1
Serie 6000 Rb34k6032ss  Réfrigérateur/Congélateur  Pose Libre  Largeur  60 Cm  Profondeur  66.4 Cm  Hauteur  9.7 Cm  344 Litres  Congélateur Bas  Classe A++  Inox Brillant,1
Réfrigérateur Combiné  BSNF 8101 OX  Classe A+ Inox optique,1
Electronics Réfrigérateur Combiné  Electronics GSB360BASZ  Classe A++ Inox,1
Réfrigérateur  KI2323F30  Classe A++,1
Réfrigérateur Combiné Intégrable  Glissière 255l A++ Ki7862s30,1
Réfrigérateur Combiné  LH8 FF2I   Classe A++ Blanc polaire,1
Tfnvin304slv Réfrigérateur  Portes Vintage Argenté 304l,1
Réfrigérateur Combiné  BFC58LNX  Classe A+ Inox,1
Réfrigérateur Congélateur En Haut  Rdl 130-50b3,1
9793 Réfrigérateur  portes argent,1
Réfrigérateur Combiné  RFN26D1BI  Classe A+ Noir brillant,1
Zhs6 1q Wrd  Réfrigérateur 1 Porte  323l  Froid Brassé  A+  L 60cm   167cm  Blanc,1
Réfrigérateur Combiné  KA3902I20  Classe A+ Inox,1
Réfrigérateur Combiné  EJ2801AOX2  Classe A+ Inox,1
Réfrigérateur  KI1413F30  Classe A++,1
Réfrigérateur Top 45cm 92l A+ Blanc Ks-92l,1
Réfrigérateur  KI2423F30  Classe A++,1
Réfrigérateur  K1554X0FF  Classe A+,1
Réfrigérateur  KI1313F30  Classe A++,1
Réfrigérateur  Porte 55cm 98l A+ Statique Blanc Df22,1
Réfrigérateur  K1544X8  Classe A++,1
Réfrigérateur  K1514XFF  Classe A+,1
Réfrigérateur  Porte Df06,1
Réfrigérateur  KI1813F30  Classe A++,1
VKS15110W  Réfrigérateur 248 L    Blanc,1
Vitrine réfrigérée  portes 944 Litres,1
Réfrigérateur combiné  RB41J7734B1,1
Réfrigérateur  porte  HUL-676W,1
Réfrigérateur  SW62QWF  Classe  Blanc,1
Réfrigérateur Combiné  CEFC318NFDW  Classe A+ Blanc,1
Réfrigérateur Combiné  KGN36AI35  Classe A++ Acier inoxydable,1
RES44NW  Réfrigérateur  porte 375L No frost,1
Réfrigérateur Combiné  RD42  Classe A+ Noir,1
Réfrigérateur  HUL676S  Classe A+ Argenté(e),1
Réfrigérateur Combiné  HBM446S  Classe A+ Argenté(e),1
Réfrigérateur combiné 275 litres  ART6614/A+SF,1
Réfrigérateur Combiné  BSNF 8152 OX  Classe A++,1
Beerlocker  Mini Réfrigérateur  Boissons Minibar 21l Classe A+  Noi,1
Réfrigérateur Combiné  CEFC288APPS  Classe A++ Argenté(e),1
Réfrigérateur Combiné  HBM576SM  Classe A+ Argenté(e),1
Réfrigérateur  Portes 55cm 06l A++ Statique Noir Irdp1ab++ Premium,1
Réfrigérateur Combiné  CEFC318NFDB  Classe A+ Noir,1
Réfrigérateur Combiné  ART 6502/A+  Classe A+ Inox,1
Réfrigérateur  KIR81VS30  Classe A++,1
Réfrigérateur Combiné  HB22FWBAA  Classe A+ Noir,1
Réfrigérateur Combiné  HBM446B  Classe A+ Noir,1
Réfrigérateur Combiné  LR8 S1  AQ  Classe A+ Blanc,1
Réfrigérateur  Porte 69cm 505l A+ Brassé Blanc Irml500a+,1
Combiné pose libre  KGN33NL30,1
Réfrigérateur Combiné  BLF 8001 OX  Classe A+,1
Réfrigérateur  Porte Intégrable  Glissière 286l A++ Ki2822s30,1
Réfrigérateur Combiné  CBNef 4815 BioFresh NoFrost  Classe A+++ Argenté(e),1
Réfrigérateur  ARG 18470 A+  Classe A+,1
Réfrigérateur  KIL82VS30  Classe A++,1
Réfrigérateur  IKB 2714 BioFresh  Classe A++,1
Réfrigérateur Combiné  BSNF 9151 OX  Classe A+ Finition inox,1
Réfrigérateur Combiné  KG56NXI30  Classe A++ Acier inoxydable,1
Réfrigérateur  HTTF506W  Classe A+ Blanc,1
Réfrigérateur Combiné  HTF456DN6  Classe A+ Anthracite,1
Réfrigérateur  Porte  Hul546s,1
Réfrigérateur  HRK176AAS  Classe A+ Argenté(e),1
Réfrigérateur Combiné  CUef 2811  Classe A++ Argenté(e),1
Réfrigérateur Combiné  SJBA11IEXW1  Classe A+ Blanc,1
Réfrigérateur combiné 279 litres  KGN33NW30,1
Réfrigérateur Combiné  ART6611/A++  Classe A++,1
Réfrigérateur Combiné Intégrable  Glissière 229l A++ Ki26da30 Iq300,1
Réfrigérateur  HUL676B  Classe A+ Noir,1
Réfrigérateur Combiné  KG39NXW35  Classe A++ Blanc,1
Réfrigérateur  DRL1624J  Classe A++,1
Réfrigérateur Combiné R6 S1 W  271   Froid Statique,1
Réfrigérateur Combiné  HBM576BM  Classe A+ Noir,1
Réfrigérateur Combiné  CTP 331622  Classe A++ Blanc,1
Armoire Positive 1200 Litres Sur Roulettes,1
Réfrigérateur combiné 340 litres OTPOINT X8T10C,1
Armoire  Boissons 218 Litres  Roulettes,1
Réfrigérateur Combiné  GNE134630X  Classe A++ Acier inoxydable,1
Réfrigérateur Combiné  Bsnf9152w,1
Réfrigérateur Combiné Intégrable Ci290,1
Réfrigérateur Combiné  H8 A1E   Classe A+ Argenté(e),1
Réfrigérateur Combiné  RDNT250I20P  Classe A+ Inox peint,1
Réfrigérateur En Inox  Portes 100 Litres,1
Bcb 7030 Aa F   Réfrigérateur/ongélateur  ongélateur Bas,1
Réfrigérateur Combiné  RFG23UERS  Classe A+ Inox,1
Réfrigérateur  portes  EJ801AOW,1
Réfrigérateur Combiné  DN156720DX  Classe A+ Inox,1
Réfrigérateur Combiné  KG39EAW43  Classe A+++ Blanc,1
Réfrigérateur Combiné  Bsnf9152ox,1
Réfrigérateur combiné 368 litres  LR9S1QFW,1
Réfrigérateur Combiné  H8 T1O   Classe A+ Acier inoxydable,1
Rt280d4aw1  Réfrigérateur/Congélateur  Pose Libre  Largeur  55.4 Cm  Profondeur  55.1 Cm  Hauteur  144 Cm  215 Litres  Congélateur Haut  Classe A+  Blanc,1
Réfrigérateur Combiné  KG36NXW35  Classe A++ Blanc,1
Os 1a 100  Congélateur  Pose Libre  Largeur  52.7 Cm  Profondeur  56.9 Cm  Hauteur  86 Cm  100 Litres  Congélateur Coffre  Classe A+  Blanc,1
Réfrigérateur combiné  CKBBS172F,1
Réfrigérateur  Portes  Fn96,1
BLF 8121 OX AQUA  Réfrigérateur/congélateur  pose libre  largeur  59.5 cm  profondeur  66.5 cm  hauteur  188.5 cm  335 litres  congélateur bas  classe A+  inox optique,1
Réfrigérateur/Congélateur Rj 2300 Aow2,1
Réfrigérateur Combiné  RJ2800AOW2  Blanc,1
Réfrigérateur Combiné  CCBS 5172XH  Classe A+ Argenté(e),1
Réfrigérateur Combiné  CFE633CS  Classe A+ Argenté(e),1
Réfrigérateur/Congélateur,1
Réfrigérateur combiné  CCBF 6182WFH,1
Ej2302aox2  Réfrigérateur/Congélateur  Pose Libre  Largeur  54.5 Cm  Profondeur  60.4 Cm  Hauteur  140.4 Cm  228 Litres  Congélateur Haut  Classe A++  Inox/Argent,1
Serie 3000 Rb33j3205sa  Réfrigérateur/Congélateur  Pose Libre  Largeur  59.5 Cm  Profondeur  66.8 Cm  Hauteur  185 Cm  328 Litres  Congélateur Bas  Classe A++  Graphite Métallisé,1
Réfrigérateur Combiné  CCDS 5142   Classe A+ Blanc,1
Rrf2404fow  Réfrigérateur Avec Compartiment Freezer  Pose Libre  Largeur  55 Cm  Profondeur  61.2 Cm  Hauteur  125 Cm  232 Litres  Classe A+  Inox,1
Réfrigérateur Combiné  T TNF 8111   Classe A+ Blanc,1
Réfrigérateur Combiné  S72300DSX1  Classe A++ Inox,1
Réfrigérateur Combiné   TNF 5323 OX  Classe A+++ Inox,1
Réfrigérateur Combiné  XH9 T2Z XOZH  Classe A++ Acier inoxydable,1
Réfrigérateur Combiné  KAN92VI35  Classe A++ Inox,1
Réfrigérateur Combiné  LI80 FF2 W   Classe A++ lanc,1
Réfrigérateur Combiné  HBM686W  Classe A+ Blanc,1
Réfrigérateur  KI3LAD30  Classe A++,1
"HEAMKS12  Réfrigérateur  minibar avec porte transparente et chassis compact (0db, 24 litres, classe A)",1
Réfrigérateur Combiné  KD42NVW20  Classe A+ Blanc,1
Réfrigérateur  KSV36BI30  Classe A++ Acier inoxydable,1
Réfrigérateur  CFL 050   Classe A+ Blanc,1
Réfrigérateur  CE1DL204E  Classe A+,1
Réfrigérateur  CFO 050   Classe A+ Blanc,1
Réfrigérateur Combiné  KG36VXW30S  Classe A++ Blanc,1
Réfrigérateur  KI 31 RAD 30  Classe A++,1
Réfrigérateur Combiné  KI86NAD30  Classe A++,1
Réfrigérateur  KIR18X30  Classe A++,1
Réfrigérateur Combiné  KGV33VL31S  Classe A++ Acier inoxydable,1
Réfrigérateur combiné 307 litres  KG36VXI30S,1
Réfrigérateur Cominé  KGV33VW31S  Classe A++ Blanc,1
Combiné pose libre  KGV39VL31S,1
Réfrigérateur Combiné  CCDS 5122   Classe A+ Blanc,1
Réfrigérateur  CCTOS 502WH  Classe A+ Blanc,1
Réfrigérateur Combiné  RH57H90507F  Classe A+ Métal solide,1
Réfrigérateur Combiné  KGV39VW31S  Classe A++ Blanc,1
Réfrigérateur  pose libre  largeur : 43 cm  profondeur : 52 cm  hauteur : 74 cm  70 litres  classe   blanc,1
Réfrigérateur  KI42FP60  Classe A++,1
Minibar cave à vin 44L  Température réglable 3 niveaux  Ecran tactile   lasse,1
90L1WH Réfrigérateur avec compartiment freezer  90 litres  Ouverture  droite  Classe A+,1
Réfrigérateur Combiné  FRT27102WA  Classe A+ Blanc,1
Réfrigérateur  FRA25600WA  Classe A+ Blanc,1
Réfrigérateur  K1554X8  Classe A++,1
Réfrigérateur  KI72LAD30  Classe A++,1
Réfrigérateur Combiné  WTE3113A+W  Classe A+,1
Réfrigérateur  KIL8AF30  Classe A++,1
Réfrigérateur  KI41RAD30  Classe A++,1
Réfrgérateur  KI42LAD30  Classe A++,1
Réfrigérateur  VVIR2420  Classe A+,1
Réfrigérateur Combiné Dd2341,1
Réfrigérateur  ERN3214AOW  Classe A++ Blanc,1
Réfrigérateur  FRG10880WA  Classe A+ Blanc,1
Réfrigérateur  KIR41AF30  Classe A++,1
Réfrigérateur  KIL42AF30  Classe A++,1
Réfrigérateur  KI22LAD30  Classe A++,1
Réfrigérateur Combiné  VVIV3420  Classe A+,1
Réfrigérateur  KIL72AF30  Classe A++ Blanc,1
Réfrigérateur  KSV36CL32  Classe A++ Finition inox,1
Réfrigérateur Combiné  KGE39BI41  Classe A+++ Acier inoxydable,1
Réfrigérateur Combiné  KGN39XI42  Classe A+++ Acier inoxydable,1
"Réfrigérateur électrique  frigo 120L avec compartiment congélation 12L, porte et bac  légumes (bac  glacons, 67W, silencieux)  Blanc  Classe A+",1
"Mini réfrigérateur silencieux 40L  Minibar avec compartiment pour bac à glacons (acier inoxydable, 1 étagère   Noir  Classe A+",1
"Cave  vin design  Armoire  vin réfrigérée avec écran tactile (68 litres, 24 bouteilles, 30dB)  noir vitres teintées  Classe",1
Mini Taverna  Mini réfrigérateur frigo électrique conservation chaud  froid  Capacité 4L  Branchement 12V ou secteur  Rouge,1
Réfrigérateur  FBA30455SA  Classe A+ Blanc,1
Réfrigérateur  ERF2404FOW  Classe A+ Blanc,1
Réfrigérateur  CCTOS 502SH  Classe A+ Argenté(e),1
Réfrigérateur Combiné  ART 9610/A+  Classe A+ Inox,1
Réfrigérateur Combiné  KDV33VL3  Classe A++ Acier inoxydable,1
Réfrigérateur  Porte Intégrable  Arg850a,1
Réfrigérateur Combiné  KDV33VW32  Classe A++ Blanc,1
Réfrigérateur  KIL24X30  Classe A++,1
Refrigerateur Pose Libre Combine Ccbs5152s,1
Réfrigérateur  CCTLS 542 WH  Classe A+ Blanc,1
"Mini Taverna  Mini frigo  glacière électrique design chaudfroid pour canettes et petites bouteilles (4L, secteur ou allumecigare 12V, étagère et portetablette amovible)  crème",1
Réfrigérateur Combiné  KIS86AF30  Classe A++,1
Réfrigérateur  ARG850/A+  Classe A+,1
Réfrigérateur Combiné  EN3605JOX  Classe A+ Inox,1
Réfrigérateur Combiné  ENF2440AOW  Classe A+ Blanc,1
Réfrigérateur portable  Mini Taverna  Argenté(e),1
Réfrigérateur  VVIL2420  Classe A+,1
Réfrigérateur Combiné  ART6601/A+  Classe A+,1
Réfrigérateur  ARG 450/A+  Classe A+,1
Réfrigérateur  ARG 51/A+  Classe A+ Blanc,1
Réfrigérateur table top intégrable 127 litres  FBA15021SA,1
Réfrigérateur Combiné  KG36VVW33S  Classe A++ Blanc,1
Combiné pose libre  KGV36VL32S,1
"Mini Taverna  Mini frigo  glacière électrique design chaudfroid pour canettes et petites bouteilles (4L, secteur ou allumecigare 12V, étagère et portetablette amovible)  blanc",1
Frigo Minibar 50L cier   Congélateur,1
Réfrigérateur table top intégrable 146 litres  FBA15021SA,1
"Frigo de bar silencieux avec porte en verre  Réfrigérateur Minibar design (0dB, 32 litres)  Châssis acier noir mat  Classe",1
Réfrigérateur  porte intégrable 39 litres  FBA32055SA,1
Réfrigérateur Combiné  KGV36VE32S  Classe A++ Gris urbain,1
"Mini frigo silencieux 35L  Minibar pour chambres, hotels (acier inoxydable,  étagère)  blanc  Classe",1
Réfrigérateur  pose libre  largeur : 43 cm  profondeur : 48 cm  hauteur : 51 cm  48 litres  classe   noir,1
Réfrigérateur Combiné  EN3605JOW  Classe A+ Blanc,1
"Mini Taverna  Mini frigo  Réfrigérateur électrique design chaud/froid (4L, secteur ou allumecigare 12V, étagère et portetablette amovible)  vert",1
"Mini frigo de bar encastrable  Mini réfrigérateur style hôtel et restaurant  (48 litres, environ 32 bouteilles)  Design blanc cassé  Classe",1
Combiné pose libre  KGV36VB32S,1
Réfrigérateur  KI 81 RAD 30  Classe A++,1
Réfrigérateur  BFL2232SW  Classe A+ Blanc,1
Refrigerateur  pte integrable  ERN 32 AOW,1
Réfrigérateur Combiné  KD29VVW30  Classe A++ Blanc,1
Réfrigérateur  Group KIR24V21FF  Classe A+,1
Réfrigérateur Combiné  KD33EAI40  Classe A+++ Acier inoxydable,1
Réfrigérateur  KIR18V20FF  Classe A+,1
Réfrigérateur  KSV29NW30  Classe A++ Blanc,1
Réfrigérateur Combiné  RBC275E  Classe A+ Blanc,1
Réfrigérateur Combiné  KDV47VW30  Classe A++ Blanc,1
Réfrigérateur Combiné  ART 364/A+/5  Classe A+ Blanc,1
Réfrigérateur  ARC104/1A+  Classe A+ Blanc,1
Réfrigérateur Combiné  RB29FWJNDSA  Classe A+ Gris métallisé,1
Rosières Réfrigérateur Rosières RBOP 174  Classe A+ Blanc,1
Mini Réfrigérateur  Rml 504,1
Réfrigérateur  TS1 90320  Classe A+ Blanc,1
Réfrigérateur Combiné  DRC1027J  Classe,1
Réfrigérateur Combiné  ART369/A+  Classe A+,1
Réfrigérateur combiné intégrable  KIV28V20FF,1
Réfrigérateur  TSE1231FS  Classe A+ Argenté(e),1
Réfrigérateur Combiné  KD46NVW20  Classe A+ Blanc,1
Réfrigérateur Combiné  KDV29VL30  Classe A++ Aspect inox,1
RL4363FBASL Réfrigérateur congélateur en bas,1
Réfrigérateur Combiné  KDV29VW31  Classe A++ Blanc,1
Réfrigérateur Combiné  WTE3113W  Classe A+ Blanc,1
Réfrigérateur top  TSE1402F,1
Réfrigérateur Combiné  KDV29VW30  Classe A++ Blanc,1
Réfrigérateur Combiné  NCAA 55  Classe A+ Blanc,1
Réfrigérateur  KSV36VL30  Classe A++ Acier inoxydable,1
Réfrigérateur Combiné  EBLH 18223 O3   Classe A+ Inox,1
Réfrigérateur Combiné  CAA 55  Classe A+ Blanc,1
Réfrigérateur Combiné  WTE2511A+W  Classe A+ Blanc,1
Réfrigérateur  portes 401 litres  KDV47VL30,1
Réfrigérateur Combiné  WTE3322A+NFTS  Classe A+ Inox,1
Réfrigérateur  KS36VAI31  Classe A++ Inox/argent,1
Réfrigérateur/congélateur  pose libre  largeur  81.7 cm  profondeur  77.4 cm  hauteur  177.2 cm  452 litres  style français  classe A+  inox platiné,1
Réfrigérateur Combiné  KIV34V21FF  Classe A+,1
Réfrigérateur Combiné  DSA28021  Classe A+ Blanc,1
Réfrigérateur Combiné  TAA 5   Classe A+ Blanc,1
Réfrigérateur Américain  Rsg5pubc,1
Ref US pose libre  HRF-628IF6,1
Réfrigérateur  KSV36VL40  Classe A+++ Acier inoxydable,1
Réfrigérateur Combiné  KIV38V20FF  Classe A+,1
Réfrigérateur  BU 1152 HCA  Classe A+,1
Réfrigérateur Combiné  KD46NVI20  Classe A+ Inoxnettoyage facile,1
Combiné multi-porte  E3DAAX inox,1
Réfrigérateur  RBI4092AW  Classe A++ Blanc,1
Rlil 202 Réfrigérateur Encastrable,1
Réfrigérateur Combiné  KID6V1IE  Classe A+,1
Réfrigérateur Combiné  DRC926JE  Classe A+,1
Réfrigérateur  CFBO 2150   Classe A+,1
Réfrigérateur  roup KU15A65  Classe A++,1
Réfrigérateur  FRA22700WE  Classe A+ Blanc,1
Réfrigérateur  DRS1133J  Classe A++ Blanc,1
Réfrigérateur  Porte  Arz005a+,1
Réfrigérateur Combiné  RB31FSRNDWW  Classe A+ Blanc,1
Réfrigérateur Combiné  KI86SAD40  Classe A+++,1
Réfrigérateur  ERY1401AOW  Classe A+ Blanc,1
Réfrigérateur Combiné  CTP 230  Classe A++ Blanc,1
Réfrigérateur Combiné  KI86SAD30  Classe A++,1
Réfrigérateur Combiné  KDV58VL30  Classe A++ Acier inoxydable,1
Réfrigérateur Combiné  KG49NAI22  Classe A+ Acier inoxydable,1
Réfrigérateur Combiné  KIV34X20  Classe A+,1
Réfrigérateur Combiné  BFC3852BW  Classe A+ Blanc,1
Réfrigérateur combiné encastrable  ENN3153AOW,1
Réfrigérateur Combiné  RSG5PUMH  Classe A+ Argent foncé  610,1
Réfrigérateur encastrable  KIR81AF30,1
Réfrigérateur  BU1101  Classe A+ Blanc,1
Réfrigérateur Classe  Noir  RA 140,1
Réfrigérateur  KIL18V20FF  Classe A+,1
Réfrigérateur  ARG913/A+  Classe A+,1
Réfrigérateur  KIL24V21FF  Classe A+,1
Réfrigérateur  ERY1201FOW  Classe A+ Blanc,1
Réfrigérateur Combiné  KID28V20FF  Classe A+,1
Réfrigérateur  KU15R65  Classe ++,1
Réfrigérateur  Elektrogeräte KS 9827  Classe A+ Blanc,1
Réfrigérateur  Porte Intégrable  Pantographe 55cm 260l A+ Statique Arg947/6,1
Réfrigérateur Combiné  ENN2812BOW  Classe A++ Blanc,1
Réfrigérateur  TS 190020  Classe A+ Blanc,1
Réfrigérateur  A25421  Classe A+ Blanc,1
Réfrigérateur  CFBL 2150   Classe A+,1
Réfrigérateur combiné intégrable 267 litres  KI34VV21FF,1
Réfrigérateur  B1752HCA  Classe A+,1
Réfrigérateur  KUL15A60  Classe A++,1
Réfrigérateur  portes  KDN3X45,1
Réfrigérateur  CCODS 5142WH  Classe A+ Blanc,1
Rb29hsr3dsa Réfrigérateur Congélateur En Bas,1
Réfrigérateur combiné  RB3EJ5200SA,1
Réfrigérateur Combiné  ENF2440AOX  Classe A+ Inox,1
Réfrigérateur  ERN2012BO  Classe A++ Blanc,1
Réfrigérateur Combiné  OCEA2DT70W  Classe A+ Blanc,1
Réfrigérateur Combiné  FRT23101XA  Classe A+ Inox,1
Réfrigérateur Combiné  ORK192CL  Classe A++ Champagne,1
Réfrigérateur Combiné  HRFK250DAA  Classe A+ Blanc,1
Réfrigérateur combiné C3525,1
Réfrigérateur  portes 300 litres  RT9K5030WW,1
Réfrigérateur combiné 302 litres  KGN36NW30,1
Réfrigérateur Combiné  BFD5827NX  Classe A++ Finition inox,1
Cefc318rv Réfrigérateur Combiné Vintage,1
Réfrigérateur Combiné  KD33VVW30  Classe A++ Blanc,1
Réfrigérateur Combiné  KI86NVU30  Classe A++,1
Réfrigérateur combiné  KG56FPI40 HYPERFRESH PREMIUM,1
Réfrigérateur Américain 91cm 553l A+ Nofrost Inox Ka92dvi25 Side By Side,1
Réfrigérateur  ORB153X  Classe A+++ Gris métallisé,1
Réfrigérateur Combiné  HBM686BWD  Classe A+ Noir,1
MKS11 Minibar silencieux  0d  Mini réfrigérateur 36 litres)  noir mat  Classe,1
Cnef 4015 Refrigerateur Congelateur En Bas,1
Electronics Réfrigérateur Combiné  Electronics GSL6611PS  Classe A+ Inox platiné,1
Réfrigérateur Combiné  KG39NAI45  Classe A+++ Acier inoxydable,1
Réfrigérateur  porte 22 litres  SSA2542S,1
Réfrigérateur Combiné  DSA28021S  Classe A+ Argenté(e),1
Réfrigérateur Combiné  KGV36VW32S  Classe A++ Blanc,1
Réfrigérateur  portes  TAA5S,1
Réfrigérateur  ERN1302FOW  Classe A++ Blanc,1
Réfrigérateur  CRU 160   Classe A+,1
Réfrigérateur Compact 47 Litres  Compartiment Congélation  Classe A+,1
Réfrigérateur Combiné  RCNE520E31DW  Classe A++ Blanc,1
Réfrigérateur Combiné  RCNE520E31DS  Classe A++ Argenté(e),1
Table Top Et Bar  Top136a,1
Réfrigérateur Combiné  LI80 FF2 S   Classe A++ Argenté(e),1
Réfrigérateur américain  RFG23UERS,1
Réfrigérateur Combiné  GNE134630X  Classe A++ Inox,1
Réfrigérateur  Porte Intégrable  Pantographe 200l A+ Drs24j,1
Réfrigérateur Combiné  BSNF 8121 OX  Classe A+ Inox,1
Réfrigérateur multiportes  RF62QEPN,1
Réfrigérateur Combiné  EJN2710AOW  Classe A+ Blanc,1
Réfrigérateur Combiné  HB14FMAA  Classe A+ Aluminium,1
Réfrigérateur Combiné  LI7 FF2 S   Classe A++ Acier inoxydable,1
Réfrigérateur Combiné  RF24HSESBSR  Classe A+ Inox,1
Réfrigérateur Combiné  HRFK250DAAS  Classe A+ Argenté(e),1
Réfrigérateur Combiné  EJ2803AOW2  Classe A+ Blanc,1
Réfrigérateur Combiné  BLF5121OX  Classe A+ Inox optique,1
Combiné  BSFV9152OX Inox,1
KI7863F30 Réfrigérateur combiné intégrable 257l A++,1
Réfrigérateur Combiné  CN 3515 NoFrost  Classe A++ Blanc,1
Réfrigérateur Combiné  ENN3111AOW  Classe A+ Blanc,1
Réfrigérateur  porte FAB28LAZ,1
Réfrigérateur Combiné  BLFV8122OX  Classe A++ Inox optique,1
Réfrigérateur Américain 91cm 5505l A+ No Frost Anthracite Hrf628in6,1
Mr. Barbot  Frigo 50 litres  minibar de service sur roulettes avec paniers à boissons   acier inox  Classe A+,1
C7280FP Réfrigérateur 202   Classe énergétique A+,1
Réfrigérateur  portes  RT53K6510SL Inox,1
Réfrigérateur Combiné  RAA 29 NX  Classe A+ Acier inoxydable,1
Réfrigérateur Combiné  KG36NHI32  Classe A++ Inox/argent,1
Réfrigérateur  Kef 4310  Classe A+++ Argenté(e),1
"Réfrigérateur combiné BTNF5012 O, 450 L, Froid Ventilé",1
Réfrigérateur  CRU 164   Classe A+,1
Réfrigérateur Combiné  RB33J3200WW  Classe A+ Blanc,1
Réfrigérateur Combiné  KG39NXI46  Classe A+++ Acier inoxydable,1
Réfrigérateur  KIL22AF30  Classe A++,1
Réfrigérateur Combiné  BLF5121W  Classe A+ Blanc,1
Réfrigérateur Combiné  BLFV8122W  Classe A++ Blanc,1
Réfrigérateur Combiné  KIV86VS30  Classe A++,1
Réfrigérateur Combiné  KGN36VW35  Classe A++ Blanc,1
"Réfrigérateur combiné RB31HSR2DSA, 306 L, Froid Ventilé",1
Minibar mini réfrigérateur Cachette 17l 50W A+ noir,1
Combiné  RB30J3100WW,1
Réfrigérteur Combiné  CBI7772  Clsse A+ Blnc,1
Réfrigérateur Combiné  RCNE520E31W  Classe A++ Blanc,1
Réfrigérateur  ORB153RD  Classe A+++ Rouge ardent,1
Réfrigérateur  CCTOS 502W  Classe A+ Blanc,1
Kg36nnw30,1
Réfrigérateur  porte intégrable  ERN2AOW,1
"Mks10  Frigo de bar silencieux  Minibar Réfrigérateur (0d, 24 litres)  Cube noir mat et design  Classe",1
Kg33nnl30 Refrigerateur Congelateur En Bas,1
Réfrigérateur Combiné  RB33J3200SA  Classe A+ Métal gris,1
Réfrigérateur Combiné  KA90DAI30  Classe A++ Acier inoxydable,1
Réfrigérateur  Portes 48cm 118l  A+ Statique Blanc Df151,1
CONTINENTALEDISON CEF2D227S2  Réfrigérateur congélateur haut  Silver,1
Tfnvin3slv Réfrigérateur  Porte Vintage Argenté 3l,1
Réfrigérateur Combiné  ART 9811/A++ SF  Classe A++ Inox,1
Réfrigérateur Combiné  RCSA400S  Classe A+ Argenté(e),1
Réfrigérateur Combiné  WTE2512A+X  Classe A+ Acier inoxydable,1
Réfrigérateur Combiné  RB30J3000SA  Classe A+ Métal gris,1
Réfrigérateur  Portes  Rdl 145-55b1,1
Réfrigérateur  WM1552A+W  Classe A+ Blanc,1
Réfrigérateur  porte intégrable  KIL24V24FF,1
Réfrigérateur  KIR24V24FF  Classe A+,1
Réfrigérateur 1P intégrable  ARG753/A+,1
Réfrigérateur  KSL20AR30  Classe A++ Rouge,1
Rb29hsr3dww  Réfrigérateur Combiné,1
Réfrigérateur Combiné  RB30J3000BC  Classe A+ Noir,1
Réfrigérateur Combiné  RB30J3000WW  Classe A+ Blanc,1
Réfrigérateur Combiné  CN161220D  Classe A+ Blanc,1
Réfrigérateur Combiné  FBB28468SV  Classe A+ Blanc,1
Fdl250bs Réfrigérateur  Porte,1
Réfrigérateur  OCEATT110E  Classe A+,1
Réfrigérateur Combiné  RF56J9040SR  Classe A+ Inox véritable,1
Réfrigérateur Combiné  RB37J5000SA  Classe A+ Graphite métallisé,1
Réfrigérateur  ERT1501FOW3  Classe A+ Blanc,1
Arg855/A+ Réfrigérateur Encastrable,1
Réfrigérateur Combiné  RAA 29  Classe A+ Blanc,1
Réfrigérateur Combiné  CNPbs 4013  Classe A++ Inox,1
Réfrigérateur Combiné  WTE3322A+NFW  Classe A+ Blanc,1
Réfrigérateur Combiné  RFG23RESL  Classe A+ Premium similiinox,1
Réfrigérateur  KI24RV21FF  Classe A+,1
Réfrigérateur  KI42LAD40  Classe A+++,1
Réfrigérateur  KI52FAD30  Classe A++,1
Réfrigérateur  KI51FAD30  Classe A++,1
Réfrigérateur Combiné  HRF628IW6  Classe A+ Blanc brillant,1
Réfrigérateur Congélateur Intégrable Int3202 279l,1
Réfrigérateur Combiné  RF60309OX  Classe A++ Acier inoxydable,1
Réfrigérateur Combiné  ENN2854COW  Classe A++ Blanc,1
Réfrigérateur Combiné  WBE 3335 NFC TS  Classe A+ Inox mat,1
Réfrigérateur  CCOLS5142WH  Classe A+ Blanc,1
Combiné intégrable  ENN2853COW,1
Réfrigérateur  KI42FAD30  Classe A++,1
Réfrigérateur  CCOLS 6172 WH  Classe A+ Blanc,1
Réfrigérateur  CCTOS 544 WH  Classe A++ Blanc,1
Réfrigérateur  WME3080W  Classe A+ Blanc,1
Réfrigérateur  ARG 750/A+  Classe A+ Acier inoxydable,1
Réfrigérateur Combiné  CKDS 5142   Classe A+ Gris/inox,1
Réfrigérateur table top CCTOS 542WH  109  Froid Statique,1
Réfrigérateur Combiné  RB37J5325WW  Classe A++ Blanc,1
Réfrigérateur  ERN2011FOW  Classe A+ Blanc,1
Réfrigérateur  FBA22021SA  Classe A+ Blanc,1
Réfrigérteur  portes  BFD5665BW Blnc,1
Réfrigérateur Combiné  BSNF 8152   Classe A++ Blanc,1
Réfrigérateur Combiné  BSNF 9452 OX  Classe A++ Finition inox,1
Réfrigérateur  BK7725  Classe A+ Blanc,1
Bsnf8131ox Inox Refrigerateur Congelateur En Bas,1
Combiné  BSNF8101W,1
Réfrigérateur combiné  RB36J8215SR/EF,1
Réfrigérateur Combiné  BLFV8121OX  Classe A+ Inox optique,1
Réfrigérateur Combiné  BLF5001OX  Classe A+ Inox optique,1
Réfrigérateur Combiné  BLFV 8121   Classe A+ Blanc,1
Réfrigérateur Combiné  RDSA310M30W  Classe A++ Blanc,1
Combiné  RB38J7215SA,1
Réfrigérateur Combiné  EN3458MFX  Classe A++ Gris/inox,1
Réfrigérateur Combiné  KAG90AI20  Classe A+ Acier inoxydable,1
Réfrigérateur Combiné  BFC5555GR  Classe A+ Rouge/gris,1
Réfrigérateur Combiné  KAD90VI30  Classe A++ Acier inoxydable,1
Réfrigérateur Combiné  KI86VVS30  Classe A++,1
Réfrigérateur  RSNE445E33X  Classe A++ Inox,1
Réfrigérateur Américain  Rs7547bhcsp,1
Réfrigérateur Combiné  EN3618MFX  Classe A++ Gris/inox,1
Réfrigérateur  FBA22421SA  Classe A+ Blanc,1
Réfrigérateur  ERF4116DOW  Classe A++ Blanc,1
Cef3rv Refrigerateur  Porte Vintage,1
Réfrigérateur Combiné  CCDS 5142 WH  Classe A+ Blanc,1
Réfrigérteur  FRG16705WA  Clsse A+ Blnc,1
Réfrigérateur Combiné  RB37J5320SS  Classe A+ Inox,1
Réfrigérateur Combiné  DN156730DX  Classe A++ Inox,1
Réfrigérateur Combiné  RCSA365K31DS  Classe A++ Argenté(e),1
Réfrigérateur Combiné  RB37J5320WW  Classe A+ Blanc neige,1
Table Top Et Bar  Df1161,1
Réfrigérateur Combiné  RCSA365K31DW  Classe A++ Blanc,1
Réfrigérateur  porte  ERF43AOX,1
Réfrigérateur  FRA40401WA  Classe A++ Blanc,1
Réfrigérateur SMG FAB5LUJ  Classe  sthétique rétro,1
Réfrigérateur  ERF4116AOX  Classe A++ Inox,1
Réfrigérateur  ERF4113AOW  Classe A++ Blanc,1
Réfrigérateur Combiné  BFD5651BW  Classe A+ Blanc,1
Réfrigérateur  CCTOS 205WH  Classe A+ Blanc,1
Cedf3ov Refrigerateur  Porte Vintage,1
Réfrigérateur  Porte Intégrable  Glissière 5cm 38l A+ Sin80aa,1
Beerbauch Réfrigérateur minibar 65L classe   blanc,1
Happy Hour Minibar Mini réfrigérateur 32  siencieux casse A+ -noir,1
Stirling Marathon - ERAR88SVR,1
Signature Kitchen Suite - SKSFD4826*,1
Whynter - BOR-326FS,1
none - MCR3U-OHC,1
Avanti - AR52T3SB,1
Samsung - RF28R6202**,1
BLUE STAR - FBFD361,1
Beko - BFFD3624XSS,1
Blomberg - BRFD2230XSS,1
RCA - FR320I-B-RED,1
Marvel - MLWC*24-SG01A,1
Hisense - HRB208N6B*E,1
Hisense - HRB208N6B*E**,1
MAXXIMUM - MAXBC52SD,1
Liebherr - CS1401R-IM,1
Thermador - T24IR800SP,1
Liebherr - CS1400R-IM,1
Hisense - RB210N6C*E,1
Liebherr - MCB 3050,1
Smeg - Fab10UXXX,1
Frigidaire - EFR331-BLACK-AB,1
“MicroFridge Safe Plug” or “MicroFridge Safe Plug by Danby” or “MICRO FRIDGE with SAFE PLUG by Danby - 2.6MF4R,1
Frigidaire - EFR331-B-BLACK,1
Frigidaire - EFR376-C-BLACK-COM,1
Frigidaire - EFR376-C-WHITE-COM,1
Frigidaire - EFR376-B-BLUE-COM,1
Frigidaire - EFR376-C-BLACK,1
Frigidaire - EFR376-C-WHITE,1
Frigidaire - EFR376-B-BLUE,1
Frigidaire - EFR331-B-WHITE,1
Frigidaire - EFR376-B-PINK-COM,1
Frigidaire - EFR376-B-WHITE-COM,1
Marvel - MLRE*24-BG01A,1
Frigidaire - EFR376-MOONBM-COM,1
RCA - RFR320-B-PURPLE-COM,1
RCA - RFR376-B-RED,1
RCA - RFR321-BLACK,1
Thermador - T23IR905SP,1
RCA - RFR321-B-WHITE,1
RCA - RFR321-B-BLACK,1
Avanti - RM24T1B,1
VIKING RANGE LLC - RVFFR336SS,1
UNIQUE - UGP-510L W AC,1
FORTE - FFD18ESC250SS,1
VITARA - VFFR1800ESE,1
Conserv - RF 1820 FD,1
CHiQ - CQRS20YI1GID1R8A,1
CHiQ - CQRS20YI1GID1R8W,1
VITARA - VSBS2001EB,1
VITARA - VSBS2001ES,1
VITARA - VSBS2001EW,1
CHiQ - CQRF18YM1ID1G8A,1
CHiQ - CQRF18YM1ID1G8M,1
Hamilton Beach - HBF1662,1
Insignia - NS-RTM10SS2,1
Insignia - NS-RTM10WH2-C,1
Gaggenau - RC472701,1
Forno - EFRBI1844-36**,1
Forno - FFRBI1844-36**,1
Samsung - RF23M8070**,1
MicroFridge - 4.8MF4R,1
Whirlpool - WRS975SID***,1
Marathon - MFF180WFD,1
Sylvania - SFR322,1
FULGOR MILANO - FM4FBM36SS,1
FULGOR MILANO - FM4FBM30SS,1
Forno - CFFFD1974-31**,1
Forno - EFFFD1974-31**,1
Forno - FFFFD1974-31**,1
Forno - DFFFD1974-31**,1
Perfect aire - 3W1BF45,1
Perfect aire - 3W1SLF45,1
Forno - XFFFD1974-31**,1
Forno - SFFFD1974-31**,1
Forno - DFRBI1844-36**,1
Smeg - FAB32UL*#,1
Magic Chef - MCAR240SE2,1
MicroFridge - 4.8LMF4RW,1
Forno - ZFFFD1974-31**,1
KitchenAid - KRSF505*****,1
Summit - LBF249,1
Summit - BF249SS,1
Marvel - MLBV*24-SG01A,1
Lynx - LN24REFG*,1
Summit - FF711ES,1
XO - XOU24WDZGOR,1
U-Line - 2224RB,1
U-Line - 3024RB,1
Absocold - ARD1033FB21R/L,1
Absocold - ARD1033FW21R/L,1
U-Line - 3018RB,1
Danby - DFF100A4WDB,1
Gaggenau - RC462704,1
Sub-Zero - DEU2450CI/*,1
Arctic King - ARW24S1ABB,1
VIKING - VBUI5241GSS,1
Avanti - AR32J0W,1
Miele - K 2911 SF,1
XO - XOU15WGOL,1
Zephyr - PRW15C01****,1
Gaggenau - RC492704,1
XO - XOU24WGSL,1
Dacor - DRF36750***,1
XO - XOU24WGSR,1
Danby - DFF100A4BDB,1
XO - XOU15WGBSL,1
Danby - DFF100A4BDBL,1
Whirlpool - WH27S1E,1
Marvel - MLRI*24-SS*1A,1
Marvel - MPRI*24-IS*1A,1
Silhouette Professional - DKC055D1SSPRO,1
Avanti - AR46J0W,1
Amana - AMA43BKE,1
Marvel - MLRF*24-IS*1A,1
Sub-Zero - DEU2450B*/*,1
Marvel - MLRF*24-SS*1A,1
Marvel - MORF*24-SS*1A,1
Marvel - MLRI*24-IS*1A,1
Marvel - MPRF*24-IS*1A,1
U-Line - 1215RB,1
U-Line - 1224RB,1
U-Line - ADA24RB,1
Marvel - MPRF*24-SS*1A,1
Smeg - FAB5UL*#,1
Whirlpool - AMA27S1E,1
Miele - K 2901 SF,1
Miele - K 2601 Vi,1
AVALLON - AWC152DPRGLH,1
Miele - KF 2911 Vi,1
Thermador - T36IB900SP,1
LG - LBNC12251*,1
LG - LRONC1404*,1
LG - LBNC15241*,1
Thomson - TFR441-WHITE,1
Frigidaire - EFR492-COM,1
Magic Chef - MCDR450SEF,1
LG - LFD22716**,1
RCA - RFR320-B-RED-COM,1
RCA - RFR320-PURPLE,1
Marvel - MLBV*24-IG01A,1
Marvel - MPWC424-SG31A,1
Marvel - MPWC424-IG31A,1
Marvel - MLRE*24-IG01A,1
Marvel - MLWC*24-IG01A,1
COCA COLA - CRF32CK,1
Marvel - MLRE*24-SG01A,1
Thomson - TFR441-B-WHITE,1
Miele - KF 2811 Vi,1
Miele - K 2601 SF,1
Miele - KF 2801 SF,1
Zephyr - PRW24C02CG,1
Zephyr - PRW24C01CPG,1
Montgomery Ward - FR336-W-B-SSBLACK,1
Miele - K 2902 Vi,1
Gaggenau - RB492704,1
Bosch - B30IB900SP,1
Liebherr - CS1321,1
SPT - RF-354W,1
MicroFridge - 2.3MF4RS,1
Bosch - B11CB50SSS/01,1
Miele - K 2811 SF,1
Thermador - T30IR902SP,1
Miele - K 2801 Vi,1
Thermador - T36IB902SP,1
Miele - K 2801 SF,1
Miele - KF 2801 Vi,1
Miele - KF 2811 SF,1
Miele - KFNF9955iDE,1
Hamilton Beach - HBF1770,1
U-Line - 1224KEGRA,1
Galanz - GLR31TBEER,1
Frestec;Upstreman - FTC45R,1
ELEMENT - ENR12TFGB**,1
Moffat - MBE19DSNKSS,1
APPLIANCE BASICS - CR44CABSDSS,1
Midea - WHS-65LB1,1
Midea - HS-160R,1
Vissani - HVUF11SLF,1
Frigidaire - FFPS4533U*,1
Master Chef - 043-2384-2,1
ELLIPSE - ERBM187*,1
Master Chef - 043-2385-0,1
Samsung - RF27T5241**,1
Samsung - RF27T5201**,1
Criterion - CTMR142C1S,1
Criterion - CTMR74C1B,1
WINIA - WT*18*****,1
CHiQ - CQRD02Z1GD1S,1
CHiQ - CQRD02Z1GD1W,1
Frestec - FTC17R,1
Danby - DAR044A6*,1
Kalamazoo Outdoor Gourmet - HK15BO-3-1L,1
Whynter - MRF-161,1
Master Chef - 399-6488-6,1
Zephyr - PRB24C01BBSG,1
Zephyr - PRB24C01AS-OD,1
Galanz - BD-305WE-B-A1-62H,1
Crosley - ARX443UW,1
Galanz - GLR17WEE,1
Magic Chef - HMAR45HCBE,1
Galanz - GLR74B**R12,1
Réfrigérateur Combiné  RS7577THCSP  Classe A+ Inox platiné,1
XO - XOU24BCGSL,1
Midea - MRM45D3ASL,1
Bosch - B36FD51SN*,1
WINIA - W*TG18***ME#,1
Kenmore - 111.7076####,1
Avanti - RM32J0W,1
Kalamazoo Outdoor Gourmet - HK15RO-3-1L,1
BLAZE - BLZ-SSRF-5.5,1
Kenmore - 111.99063***,1
ELEMENT - EACD03000V1A,1
Kenmore - 111.99063810,1
Galanz - BC-47F-F-62H,1
Summit - LRF108****,1
Midea - MRB19B7***,1
Perfect aire - 1AW1SLF17,1
Insignia - NS-RBM10SS2,1
Danby - DBMF100C1BDB,1
Insignia - NS-RBM10WH2,1
Galanz - GLR74B**E04,1
Magic Cool - MCR10***,1
Galanz - GLR33MRDR29,1
Galanz - GLR25M**R27,1
Lorell - LLR72313,1
FORTE - F19BFRES450SS,1
Avanti - RA730B0W,1
Avanti - RA731B1B,1
Avanti - RA733B3S,1
Magic Chef - MCAR1000ST,1
Vissani - MDBF18SS,1
Galanz - GLR33M**E23,1
Seasons - 128779,1
Montgomery Ward - FR180-MW-SS-B,1
Galanz - GLR17M**R09,1
Insignia - NS-CF17BK9-C,1
Avanti - FF14V3S,1
Blomberg - BRFB1051FFBIN,1
AVG - ARBM188SE2,1
Frigidaire - EFR180-B-COM,1
Frigidaire - EFR176-B-BLUE-COM,1
Frigidaire - EFR115-B-PURPLE-COM,1
Frigidaire - EFR177-B-BLACK,1
Thermador - T24UR925LS,1
ELEMENT - EACD03000***,1
Premium Levella - PRF32406*,1
Premium Levella - PRF32405*,1
Insignia - NS-CFR23BB1,1
Kenmore - 111.69415,1
Danby - DFF121C2WDBL,1
Galanz - GLR46B**E04,1
Galanz - GLR46BRDR12,1
Hamilton Beach - HBR33MWEE02,1
Ivation - IVBKADT491SS,1
Hisense - RF21B3F*E,1
Magic Cool - MCR32J0W,1
ELEMENT - EATG1500**,1
FORT� - F15TFRESSS,1
Frigidaire - EFR285-B-BLUE,1
FULGOR MILANO - FM4BM28IFBI,1
FORTE - F12BFRESIC450PR,1
VITARA - VBBM1200EWEI,1
Perlick - HP24RS4E-**-*****,1
BLACK DECKER - BCRK17B,1
CHiQ - CQRT18Y1GD1GM,1
Hamilton Beach - HBR33MBKE02,1
CHiQ - CQRT18Y1GD1GW,1
RCA - RFR283-B-BLACK-COM,1
ELEMENT - EATG18201B,1
Marathon - MFF150*,1
Bertazzoni - REF28BMBIPNV,1
CHiQ - CQRT18Y1GD1*,1
VITARA - VTFR1801EBE,1
ELEMENT - EATW18200B,1
Frigidaire - EFR115,1
Blomberg - BRFB1312FBI,1
Daewoo - RFS-26D***,1
Daewoo - RFS-26S***,1
Hisense - HRF208N6A*E,1
RCA - RFR835-C-WHITE,1
mbm - MRF7S,1
mbm - MRF7W,1
Hamilton Beach - HBF2067,1
Frestec - FTC16RE,1
Liebherr - MCB 3652,1
Hisense - RF21A3F*E,1
Bertazzoni - REF24BMBPNB,1
Samsung - RS27T5201**,1
FRIGIDAIRE;RCA;Hamilton Beach - EFR100-D-BLACK,1
Sub-Zero - IC-24C,1
Midea - WHD-368RWESS1,1
IGLOO - IRF32DDRSBK,1
Summit - LBF181,1
VITARA - VTFR1450ESE,1
VITARA - VTFR1450ESS,1
ELEMENT - EATG18201W,1
Frestec - FR 742 BX,1
ELEMENT - EATG18201SS,1
FORTÉ - F12BFRES450SS,1
Samsung - RL1505SBA**,1
Kenmore - KMR46TS1E04,1
Thermador - T24UC905DP,1
Liebherr - CS 2090,1
UNIQUE - UGP-330L W AC,1
Gorenje - HZF3362E,1
LG - LRFCS29D6*,1
Galanz - AMAR46TBKE,1
Gaggenau - RB472701,1
Whirlpool - WH46T**E,1
FRIGIDAIRE;RCA;Hamilton Beach - EFR323-C,1
Liebherr - CS 2091,1
Galanz - GL44RBEE,1
Gorenje - HZF3362G,1
Insignia - NS-CF26BK9,1
LG - LRFCS25D3*,1
Liebherr - CS 2092,1
Kenmore - 7141*,1
Bertazzoni - REF24BMBIPNV,1
Criterion - 453-809*,1
Frestec - FTC31RE,1
CHiQ - CQRT18Y1GD1S,1
RCA - RFR834-C,1
RCA - RFR834-B-COM,1
VITARA - VTFR1801EWE,1
Criterion - 453-8090,1
Criterion - 453-8092,1
Avanti - FF18H**,1
CHiQ - CQRT15Y1GD1*,1
CHiQ - CQRT18Y1GD1W,1
Frigidaire - EFR285-RED,1
Criterion - CTMR145A1B,1
Frigidaire - EFR285-B,1
RCA - RFR832-D-BLACK,1
Frigidaire - EFR285-B-WHITE,1
Avanti - FF18H0W,1
FORT� - F15TFRESWW,1
Conservator - GRLH184T*,1
Silhouette Professional - DAR055D1BSSPRO,1
Gaggenau - RC472705,1
Beerbauch Réfrigérateur minibar 65L classe   noir,1
DRCNA321E20W réfrigérateur combiné,1
Réfrigérateur  RF 90 A+  Classe A+,1
Réfrigérateur Américain  Hrf5ig6,1
Réfrigérateur Combiné  BC6510SW  Classe A+ Blanc doux,1
Réfrigérateur Combiré  Rcna400e21zxp,1
Réfrigérateur américain 539 litres  GNE6039XP,1
Combi  Cfm14502s,1
Réfrigérateur  Portes  Rdsa310m0,1
Réfrigérateur Combiné  RCNE520E20ZGB  Classe A+ Brillant noir,1
Réfrigérateur  portes 71 litres  RFDP97A+,1
Vitrine Réfrigérée De Comptoir 68 Litres,1
Réfrigérateur top  RTFL85-50b2,1
PopArt Cream Réfrigérateur congéateur 108 /13  casse A++  crème,1
Electronics Réfrigérateur Combiné  Electronics GTD7043WH  Blanc,1
Réfrigérateur Combiné  C3FE635CWJ  Classe A+ Blanc,1
Réfrigérateur Combiné Inox  A3fe632csj,1
Réfrigérateur Combiné  HTM 1721   Classe A+ Blanc,1
Combiné Inversé  Rcna400k20xp,1
Combiné  C3FE632CSJ,1
Réfrigérateur  Porte  Rsse45m23w,1
Réf Tu  Rll145-55b2,1
Réf Us  Hrf-522dg6,1
Combiné Inversé  Rt58k7100s9,1
Réfrigérateur Combiné  KG49NXI30  Classe A++ Acier inoxydable,1
"Réfrigérateur  portes RED45DXP, 400, Froid No Frost",1
Réfrigérateur Combiné  OCEAFC235W  Classe A+ Blanc,1
Réfrigérateur/Congélateur Zdap 205  Congélateur Haut,1
Réfrigérateur Combiné  C3FE635CMJ  Classe A+ Finition inox,1
Réfrigérateur   1   Classe A+ Blanc,1
Réfrigérateur  porte  SI6S,1
Réfrigérateur Combiné  OCEAFC235S  Classe A+ Argenté(e),1
Réfrigérateur  porte encastrable  IKS25,1
Electronics Réfrigérateur Américain  Gsk6676sc,1
Réf Top  Rtl101b,1
Réfrigérateur combiné  RCL 185-60b2,1
Réfrigérateur Combiné  RCSA270K20S  Classe A+ Argenté(e),1
Réfrigérateur Combiné  RCNA305K20W  Classe A+ Blanc,1
Réfrigérateur Multi  Gne60522x,1
Réfrigérateur  IK 2320  Classe A++,1
riston Réfrigérateur Combiné  LH8 FF1I   Classe  rgent vif,1
Combiné Inversé  Hb16fmaa,1
Réfrigérateur Américain  Frnh540b2x,1
Réfrigérateur 1 Porte   431020,1
Réfrigérateur  CERTT91S2  Classe A+ Gris/argent VCM,1
Réfrigérateur Combiné  BCBS172FTNPU  Classe A+,1
Réfrigérateur  Portes  Fn406w,1
Réfrigérateur Américain  Rf56j9041sreg,1
Réfrigérateur Combiné  CN158220XP  Classe A+ Acier inoxydable,1
Réfrigérateur Américain  Cera525lnfix,1
Réfrigérateur Combiné  CEFC252MGREY  Classe A+ Gris,1
Combiné pose libre  RCNT415I20BS,1
Combiné pose libre  C3FE63CWJ,1
Refrigerateur Pose Libre Multiportes A3fe635cmj,1
Réfrigérateur  Porte  Bssa200m2s,1
Réfrigérateur  BLSA210M2S  Classe A+ Blanc,1
Réfrigérateur Combiné  SJT1227M4S  Classe A+,1
Réfrigérateur combiné encastrable  SP40800,1
Réfrigérateur  porte  BSSA200M2S,1
Amana,1
Bosch,1
GE_,1
Combiné Inversé  Drcna302k20xp,1
Refrigerateurs  porte  DF 29,1
Réfrigérateur Combiné  RDNT360I20BS  Classe A+ Argent brossé,1
Monroe XL Black combiné réfrigérateur congélateur 97/39ll A+ look rétro noir,1
Réfrigérateur Combiné  RDNT470E20ZW  Classe A+ Blanc,1
Réfrigérateur Combiné  RDNT360I20W  Classe A+ Blanc,1
Réfrigerateur  portes  HTM17V,1
Réfrigérateur combiné  KFN28132DWS,1
Refrigerateur Pose Libre Combine No Frost Kfn28132dedt/Cs,1
Réfrigérateur Américain 91cm 536l A++ Nofrost Inox En6086mox,1
"Réfrigérateur Table Top 1,2,3 Ou 4*   Bst510sw",1
Réfrigérateur  BS2510SW  Classe A+ Blanc doux,1
Réfrigérateur Table Top Tout Utile  Blt510sw,1
Combiné  A3FE635CGJE,1
Combiné Inversé  Lr8s1fs,1
Réfrigérateur Combiné  CNel 320  Classe A++ Argenté(e),1
Réfrigérateur Intégrable  Porte Sad/I,1
Réfrigérateur Intégrable Combiné  Brb260031ww,1
Réfrigérateur  Porte Intégrable  Glissière 54cm 9l A+ Statique Arg760a+,1
Réfrigérateur  porte  ARG87/A+,1
Réfrigérateur  Porte Intégrable  Glissière 54cm 90l A++ Brassé Arg860a++,1
Réfrigérateur  porte  K370-20 BLU PERFORMANCE,1
Réfrigérateur  porte  RSSE265K20W,1
KitchenAid,1
Réfrigérateur  320LN  Blanc,1
Réfrigérateur Top 45cm 91l A+ Blanc Fridge 91l,1
Vitrine réfrigérée  sushi  GN1/2,1
Armoire  boissons réfrigérée 267,1
Saladette réfrigérée,1
Resistance De Degivrage 120w Congelateur/Refrigerateur,1
Armoire réfrigérée positive 1400,1
Vitrine réfrigérée  poser 120,1
Vitrine réfrigérée  poser 72L,1
Armoire réfrigérée positive 700,1
Réfrigérateur Combiné  KGN49XL30  Classe A++ Acier inoxydable,1
Big Mommy Cool Réfrigérateur congélateur 300  205kWh/an Classe A++,1
Deawoo Réfrigérateur Américain   Frn-Q21d3s,1
Frigo bar 88,1
Vitrine réfrigérée  poser GN 2/1,1
Réfrigérateur Combiné  CKCS6186IXV/1  Classe A+++ Acier inoxydable,1
Rcsa330k20w  Réfrigérateur/Congélateur  Pose Libre  Largeur  60 Cm  Profondeur  60 Cm  Hauteur  185 Cm  295 Litres  Congélateur Bas  Classe A+  Blanc,1
"Ckcn 6182ix/1 Réfrigérateur Combiné  309l (216l  93l)  Froid Total No Frost  Classe   L60,3  H185,5cm  Inox",1
Réfrigérateur  ZS 12 A1 D/HA  Classe A+,1
Réfrigérateur  Portes 54cm 7l A+ Statique Blanc Sjt17m4w,1
Réfrigérateur  ARG 18481 A++ SF  Classe A++ Blanc,1
Monroe Black Réfrigérateur/congélateur 61/24l Classe A+ Look rétro  noir,1
CFE633CNE Réfrigérateur Congélateur  Volume 310L (230L+80L)  Froid ventilé  Classe A+  Coloris Anthracite,1
Combiné intégrable  RBBS172,1
"Frosty  Mini frigo pour boissons et sncks  Réfrigérteur compct pour chmbre d'hotel (contennce 10L, 65W, Clsse A+, tempérture 1218°C)  noir",1
F2D320IX,1
Réfrigérateur  Porte  Arg86a,1
Mini Frigo 4l 12v/240v Blanc/Bleu Fr10,1
Electronics Réfrigérateur Combiné 60cm 312l A++ No Frost Blanc Gbb329swjz,1
Rcna320k20w  Réfrigérateur/Congélateur  Pose Libre  Largeur  59.5 Cm  Profondeur  60 Cm  Hauteur  185.3 Cm  287 Litres  Congélateur Bas  Classe A+  Blanc,1
Height Cool Black Combiné réfrigérateur congélateur 199/53l Classe A++,1
Big  Combiné réfrigérateur congélateur 371L 281/90l classe A+,1
Alleinversorger Réfrigérateur Congélateur 90l Classe énergétique A+  Niveaux noir,1
Truckstop Glacière électrique isotherme 14l adaptateur 12V  rouge,1
Luminance Frost Combi Réfrigérateur congélateur 98L/52L  Classe A+++,1
Bigboy Réfrigérateur 335L  étages classe énergétique A+  noir,1
Height Cool Silver Combiné réfrigérateur congélateur 199/53l Classe A+,1
Alleinversorger Réfrigérateur Congélateur 90l Classe énergétique A+  Niveaux Inox,1
Height Coo Combiné Réfrigérateur congéateur 34/77   portes Inox,1
Coolzone 186 Réfrigérateur congélateur encastrable171l  15l  Classe,1
Réfrigérateur Combiné  RDSA240K20W  Classe A+ Blanc,1
Réfrigérateur Combiné  RCNA35DS  Classe A+ Argenté(e),1
Réfrigérateur américain 591 litres  GSJ361DIDV,1
Combiné  RCSA240K20W,1
Rcna320k30pt  Réfrigérateur/Congélateur  Pose Libre  Largeur  59.5 Cm  Hauteur  185.3 Cm  287 Litres  Congélateur Bas  Classe A++,1
Réfrigérateur Combiné  KG49NAI31  Classe A++ Inox,1
Réf Tu  Rr39m7305s9,1
Ccpn 6184ix  Réfrigérateur/Congélateur  Pose Libre  Largeur  60 Cm  Profondeur  67 Cm  Hauteur  185 Cm  16 Litres  Congélateur Bas  Classe A++  Inox,1
Réfrigérateur  IKS 261  Classe A++,1
"RCSA365K21S Réfrigérateur combiné-346L (233L  113L)-froid brassé  froid statique-A-L59,5  H185,3cm-Silver",1
Réfrigérateur Combiné  RCSA300K20W  Classe A+ Blanc,1
Réfrigérateur Américain  Rs58k6537sl,1
Réfrigérateur  Porte Inox  Rr39m730s9/Ef,1
RR39M7000WW  Réfrigérateur 1 porte  385 L  Froid ventilé intégral  A+  L 59.5   185.5 cm  Blanc,1
Refrigerateurs  porte DL 29,1
Refrigerateurs Encastrable Brb 260010 Ww,1
Réfrigérateur Top 45cm 91l A+ Silver Fridge 91l Silver,1
Refrigerateurs  portes  DF 81,1
Réfrigérateur Combiné  BRB260034WW  Classe A++ Blanc,1
Réfrigérateur Combiné  BRB260076WW  Classe A++ Blanc,1
Réfrigérateur Combiné  BRB260000WW  Classe A+ Blanc,1
Réfrigérateur Combiné  TIAA 12 V.1  Classe A+ Blanc,1
Réfrigérateur Combiné  RCI 5351  Classe A++,1
Congélateur Fz0805/Rd,1
Réf Intég Frz  Ik3524,1
"Continental edisson 1DL349BDS2  Réfrigérateur  349L  Froid brassé  Classe A+  L 59,5   185cm  Silver",1
Réfrigérateur Combiné  RCSA365K20DW  Classe A+ Blanc,1
Refrigerateurs  portes  TIAA  VSI,1
"1DL349BDW2  Réfrigérateur  349L  Froid brassé  Classe A+  L 59,5   185cm  Blanc",1
Réfrigérateur Combiné  CRCSA295K21DS  Classe A+ Argenté(e),1
Réfrigérateur 2p  Rt156d4ag1,1
Réfrigérateur combiné  CNEF4815,1
Réfrigérateur  IK 3520  Classe ++,1
Réfrigérateur combiné  KGN46AL30 VITAFRESH PLUS,1
Réfrigérateur Table Top  QTT 110 GPL,1
Réfrigérateur  Porte Blanc  Qtt20gl2,1
Réfrigérateur Combiné  CCDS 6174FSH  Classe A++ Argenté(e),1
Réfrigérateur Combiné  CNef 31 NoFrost  Classe A++ Argenté(e),1
Réfrigérateur Combiné  KG39NXB35  Classe A++ Inox noir,1
Réfrigérateur  portes  RDS40K0S,1
Réfrigérateur Combiné  KGV39VW32S  Classe A++ Blanc,1
Réfrigérateur Américain  GSL6661PS,1
Kenmore,1
LG Side by Side,1
VIKING - VDUI5240DSS,1
Fisher & Paykel - RS2484W***#,1
Marvel - MPBV415-IG31A,1
Bosch - B30IB905SP,1
Thermador - T30IB905SP,1
Gaggenau - RB472705,1
Beko - BBBF2410IM2,1
Signature Kitchen Suite - SKSCR3001*,1
Blomberg - BRFB1052FFBI2,1
Marvel - MLWC*15-SG01A,1
Samsung - RF28R6222**,1
Marvel - MORE*24-SS*1A,1
Lynx - LN15WINE*,1
Marvel - MORE*15-SS01A,1
Blomberg - BRFB1051FFBI2,1
Marvel - MLRE*15-SG01A,1
Marvel - MLRE*15-IG01A,1
Miele - KF 2802 Vi,1
Marvel - MLBV*15-IG01A,1
Marvel - MLBV*15-SG01A,1
Sub-Zero - ID-27R,1
Summit - FFBF284SSIM,1
Beko - BFBF30216SSIML,1
Beko - BFBF30116SSIM,1
Blomberg - BRFB1542SS,1
Sub-Zero - ID-30R,1
Beko - BFBF30216SSIM,1
Norpole - NPDR340STE,1
Fire Magic - 3589-DR,1
Blomberg - BRFB21622SS,1
Marvel - MLRE*24-SS01A,1
Liebherr - MRB2400,1
Marvel - MPWC415-IG31A,1
Beko - BFBD30216SSL,1
Midea - WHD-125FBS1,1
Dacor - DRR36980***,1
Blomberg - BRFB21612SS,1
Beko - BFBF30216SS,1
Beko - BFBF30116SS,1
Beko - BFBD30216SS,1
Beko - BFBD30216SSIML,1
Marvel - MLWC*15-IG01A,1
Avalon - A1-3.1CFDDSS,1
Gaggenau - RB492705,1
XO - XOU24WDZGOA,1
Danby - DAR022A1BDB,1
Midea - MRM32B4ABB,1
APPLIANCE BASICS - CR31TABDDSS,1
Marvel - MPWC424-SS31A,1
Miele - K 2602 Vi,1
Jenn Air - JURF*242H***,1
Jenn Air - JUGF*242H***,1
none - MCR5U-OHC,1
Whynter - BOR-53024-SSW,1
Gaggenau - RC462705,1
Marvel - MPBV424-IS31A,1
COCA COLA - CRF170COKE,1
IGLOO - IRF16RSBK,1
Silhouette Professional - SPRAR055D1SS,1
Avanti - RMRC17X**-IS,1
"Insignia - NS-BI1ZWCxxxxxx (x = a-z, A-Z, 0-9, -, blank)",1
Bosch - B30IR905SP,1
Danby - DAR022A1SLDB,1
Dacor - DRR30980***,1
Midea - MRM31D2BST,1
PREMIUM - PRF31500MW,1
Midea - WHD-113FB1,1
Midea - WHD-113FSS1,1
Avalon - A1-3.1CFDDBLK,1
Honeywell - H31MRS*,1
Midea - HD-113F,1
Newair - NRF031****,1
Arctic King - ATMP031AET,1
Arctic King - ATMP031AEW,1
Arctic King - ATMP031AES,1
Arctic King - FKATMP031AEW,1
Arctic King - FKATMP031AEB,1
Newair - NRF031GA00,1
Arctic King - ARM32D5ABB,1
Perfect aire - 3W2WF32,1
Perfect aire - 3W2BF32,1
Emerson Radio Corp - CR510VSE*,1
Criterion - CCR312DCE2S,1
Beko - BFBF2815SSIM,1
Sub-Zero - ID-36R,1
Maytag Side by Side,1
Blomberg - BRFB1045WH,1
LG - LSBNC1021*,1
DCS - RF24DE4,1
Marvel - MODR*24-SS71A,1
Marvel - MPDR424-SS71A,1
VIKING - VDUO5241DSS,1
Beko - BFBF2414WH,1
Blomberg - BRFB1045SS,1
Beko - BFBF2414SL,1
Beko - BFBF2414SS,1
Marvel - MLBV*24-IS01A,1
Lynx - LN24DW*,1
Marvel - MPDR424-IS71A,1
Liebherr - C5250,1
Twin Eagles - TEOR242-G,1
VIKING - VDUO5240DSS,1
Liebherr - SC5781,1
DCS - RF24DE3,1
Signature Kitchen Suite - SKSCW241**,1
Sub-Zero - DEU1550B*/*,1
SMEG Spa - CVIU138,1
Fisher & Paykel - RS2474BRU1,1
Liebherr - C5740IM,1
Samsung Side by Side,1
Whirlpool,1
EcoMax - EF-32199-B-2,1
MicroChill - MCH4G16,1
SMEG Spa - CVxxx38xxxx,1
LG - LRTNC0705*,1
DOMETIC - C40G2,1
DOMETIC - C40G1,1
Goldstar - GKIM08121*,1
Marvel - MA24RA1S***,1
DCS - RF24LE3,1
LG - LKIM08121*,1
DCS - RF24RE3,1
DOMETIC - C60G2,1
Liebherr - HWgb 1803,1
DOMETIC - C60G1,1
Miele - KFN 4799 DDE edt/cs,1
Marvel - MPWC415-SS31A,1
MicroChill - MCH3G14,1
Marvel - MLBV*15-IS01A,1
Liebherr - ICNS 51031,1
Miele - KFN 7734 D,1
Liebherr - MW 2400,1
Liebherr - ICNS 51030,1
Liebherr - ICS5100,1
Signature Kitchen Suite - SKSCW181**,1
Miele - KFN 7784 D,1
Liebherr - IC5100PC,1
Blomberg - BRFB1532SS,1
Avanti - RMRS31X**-IS,1
LG - LRONC0705*,1
Avanti - RMRS31X6BL-IS,1
Summit - FFBF283SS,1
Marvel - MLDR*24-IS61A,1
Marvel - MLDR*24-SS61A,1
VIKING - VDUI5241DSS,1
LG - LRONC1414*,1
Fisher & Paykel - RS24S,1
Liebherr - MW 2401,1
Liebherr - UR500,1
Marvel - MLRE*15-SS01A,1
Fisher & Paykel - RS30S,1
Marvel - MLWC*15-SS01A,1
Marvel - MLBV*15-SS01A,1
Marvel - MORE*15-SS31A,1
Liebherr - MW 1801,1
Frigidaire - EFR115-B-BLACK,1
Frigidaire - EFR115-B-RED,1
Miele - KWT 6722 iS,1
Beko - BFBF2412SL,1
COCA COLA - CRF16CK,1
Liebherr - ICB5160IM,1
Beko - BFBF2412SS,1
Blomberg - BRFB1044SS,1
RCA - EFR180,1
Blomberg - BRFB1044WH,1
Liebherr - ICN 51030,1
Miele - K31222UI,1
Liebherr - ICS5101,1
AVALLON - AWC243TSZLH,1
